qc_id,warehouse_id,product_id,category,inspection_date,defect_type,defect_severity,quantity_checked,quantity_defective,qc_status,flagged_for_review,inspector_level
QC10000,WH-410,PID2348,Electronics,2026-01-16,Wrong Item,Medium,111,9,Fail,No,Junior
QC10001,WH-305,PID3756,Home,2026-02-15,Label Error,Medium,163,7,Fail,No,Junior
QC10002,WH-410,PID8882,Clothing,2025-10-11,Functional Failure,Medium,161,4,Fail,No,Junior
QC10003,WH-305,PID5360,Beauty,2025-12-22,Wrong Item,Low,84,3,Fail,No,Junior
QC10004,WH-203,PID5458,Beauty,2026-01-14,Cosmetic Defect,Medium,123,9,Fail,No,Senior
QC10005,WH-203,PID4197,Clothing,2026-02-28,Cosmetic Defect,Medium,142,2,Fail,No,Automated
QC10006,WH-305,PID9672,Home,2025-09-30,Cosmetic Defect,Medium,130,8,Fail,No,Automated
QC10007,WH-410,PID6014,Beauty,2026-01-28,Label Error,Low,57,2,Fail,No,Automated
QC10008,WH-410,PID7720,Clothing,2025-10-21,Barcode Issue,Low,80,1,Fail,No,Junior
QC10009,WH-101,PID2378,Home,2025-10-24,Wrong Item,Low,26,2,Fail,No,Junior
QC10010,WH-305,PID7344,Beauty,2026-01-30,Label Error,Low,77,2,Fail,No,Junior
QC10011,WH-512,PID2191,Sports,2026-01-06,Wrong Item,Medium,158,10,Fail,No,Automated
QC10012,WH-101,PID3955,Clothing,2025-09-07,Packaging Damage,Low,31,3,Fail,No,Automated
QC10013,WH-410,PID2774,Sports,2026-01-03,Functional Failure,Medium,32,9,Fail,No,Automated
QC10014,WH-305,PID8829,Sports,2026-01-11,Packaging Damage,Medium,29,9,Fail,No,Senior
QC10015,WH-101,PID4582,Beauty,2025-09-06,Missing Parts,Low,54,3,Fail,No,Automated
QC10016,WH-305,PID1277,Home,2026-01-09,Functional Failure,High,67,25,Fail,Yes,Automated
QC10017,WH-512,PID6335,Home,2026-01-25,Cosmetic Defect,Medium,46,2,Fail,No,Junior
QC10018,WH-305,PID2452,Home,2026-02-05,Packaging Damage,Low,161,1,Fail,No,Junior
QC10019,WH-305,PID3408,Beauty,2025-12-06,Wrong Item,Low,43,1,Fail,No,Junior
QC10020,WH-203,PID4831,Home,2026-02-10,Functional Failure,Medium,84,10,Fail,No,Junior
QC10021,WH-305,PID5519,Home,2025-11-08,Functional Failure,Low,40,3,Fail,No,Junior
QC10022,WH-512,PID3625,Beauty,2025-10-13,Packaging Damage,Low,76,2,Fail,No,Junior
QC10023,WH-410,PID8804,Clothing,2025-11-18,Barcode Issue,Medium,71,9,Fail,No,Senior
QC10024,WH-101,PID9485,Beauty,2026-02-16,Barcode Issue,Low,84,2,Fail,No,Senior
QC10025,WH-203,PID3550,Electronics,2025-10-31,Label Error,Medium,106,2,Fail,No,Senior
QC10026,WH-512,PID8640,Home,2025-10-20,Functional Failure,Low,157,0,Pass,No,Senior
QC10027,WH-512,PID2136,Sports,2025-12-30,Cosmetic Defect,Low,171,2,Fail,No,Senior
QC10028,WH-410,PID4112,Sports,2025-09-23,Barcode Issue,Low,38,0,Pass,No,Junior
QC10029,WH-512,PID2721,Beauty,2026-01-11,Wrong Item,Low,151,3,Fail,No,Automated
QC10030,WH-512,PID3972,Beauty,2026-02-08,Missing Parts,Low,134,3,Fail,No,Automated
QC10031,WH-305,PID7756,Home,2025-12-01,Missing Parts,Low,119,1,Fail,No,Automated
QC10032,WH-101,PID5535,Electronics,2025-11-25,Wrong Item,Low,199,2,Fail,No,Junior
QC10033,WH-203,PID1946,Sports,2025-11-14,Missing Parts,Low,105,2,Fail,No,Senior
QC10034,WH-410,PID3631,Electronics,2026-01-16,Missing Parts,Low,70,2,Fail,No,Senior
QC10035,WH-101,PID4825,Sports,2025-10-27,Label Error,Medium,149,4,Fail,No,Automated
QC10036,WH-101,PID8645,Clothing,2026-02-03,Functional Failure,Low,16,3,Fail,No,Senior
QC10037,WH-203,PID8526,Beauty,2025-12-27,Wrong Item,Medium,152,2,Fail,No,Senior
QC10038,WH-512,PID2041,Beauty,2025-11-02,Wrong Item,Low,176,0,Pass,No,Senior
QC10039,WH-101,PID2021,Sports,2025-12-17,Barcode Issue,Low,50,1,Fail,No,Automated
QC10040,WH-512,PID4880,Home,2026-01-04,Wrong Item,Low,177,2,Fail,No,Automated
QC10041,WH-305,PID8215,Beauty,2025-09-26,Functional Failure,Low,109,1,Fail,No,Automated
QC10042,WH-101,PID6300,Home,2025-11-28,Missing Parts,High,26,17,Fail,Yes,Junior
QC10043,WH-305,PID7388,Sports,2025-11-13,Wrong Item,Low,23,3,Fail,No,Senior
QC10044,WH-512,PID8085,Beauty,2025-09-29,Barcode Issue,Low,141,1,Fail,No,Senior
QC10045,WH-101,PID7644,Clothing,2025-12-13,Cosmetic Defect,High,196,18,Fail,Yes,Automated
QC10046,WH-203,PID7776,Beauty,2025-09-29,Functional Failure,High,96,17,Fail,Yes,Junior
QC10047,WH-410,PID5592,Clothing,2025-11-11,Barcode Issue,Low,37,2,Fail,No,Automated
QC10048,WH-410,PID5392,Electronics,2026-01-25,Label Error,High,85,22,Fail,Yes,Junior
QC10049,WH-305,PID3143,Home,2025-12-13,Packaging Damage,Low,90,2,Fail,No,Automated
QC10050,WH-512,PID9236,Electronics,2025-12-25,Wrong Item,Low,179,1,Fail,No,Automated
QC10051,WH-101,PID3642,Beauty,2026-02-22,Wrong Item,Low,107,3,Fail,No,Junior
QC10052,WH-512,PID3820,Home,2025-11-28,Packaging Damage,Low,89,0,Pass,No,Senior
QC10053,WH-101,PID2523,Beauty,2025-10-10,Missing Parts,Medium,67,6,Fail,No,Junior
QC10054,WH-512,PID2190,Beauty,2025-11-13,Missing Parts,Low,184,3,Fail,No,Senior
QC10055,WH-410,PID1925,Electronics,2025-10-30,Wrong Item,High,100,5,Fail,Yes,Junior
QC10056,WH-101,PID6225,Clothing,2025-11-22,Packaging Damage,High,145,12,Fail,Yes,Junior
QC10057,WH-512,PID6714,Sports,2026-02-13,Cosmetic Defect,Medium,21,6,Fail,No,Automated
QC10058,WH-512,PID3054,Beauty,2025-10-15,Label Error,Low,81,1,Fail,No,Junior
QC10059,WH-512,PID8962,Electronics,2025-09-26,Packaging Damage,Low,17,0,Pass,No,Automated
QC10060,WH-203,PID8971,Electronics,2025-12-06,Cosmetic Defect,Low,139,1,Fail,No,Automated
QC10061,WH-101,PID7173,Electronics,2025-11-02,Packaging Damage,Low,42,3,Fail,No,Automated
QC10062,WH-305,PID7687,Sports,2025-12-18,Label Error,Medium,71,5,Fail,No,Senior
QC10063,WH-101,PID7495,Home,2025-11-08,Missing Parts,Medium,196,10,Fail,No,Junior
QC10064,WH-512,PID7669,Sports,2025-09-11,Label Error,Low,51,1,Fail,No,Senior
QC10065,WH-305,PID5351,Home,2026-01-17,Cosmetic Defect,Low,47,1,Fail,No,Junior
QC10066,WH-410,PID4773,Home,2026-01-12,Barcode Issue,Medium,48,2,Fail,No,Senior
QC10067,WH-305,PID2619,Beauty,2026-02-28,Barcode Issue,Low,162,1,Fail,No,Junior
QC10068,WH-203,PID5470,Sports,2025-09-22,Label Error,Medium,24,3,Fail,No,Junior
QC10069,WH-203,PID5013,Beauty,2025-09-12,Functional Failure,Medium,83,7,Fail,No,Senior
QC10070,WH-512,PID7994,Sports,2026-02-14,Missing Parts,Medium,38,10,Fail,No,Junior
QC10071,WH-410,PID3882,Clothing,2025-10-12,Packaging Damage,Medium,40,3,Fail,No,Junior
QC10072,WH-410,PID8375,Beauty,2025-10-14,Packaging Damage,Low,121,2,Fail,No,Automated
QC10073,WH-410,PID4044,Home,2025-10-29,Cosmetic Defect,Low,84,3,Fail,No,Junior
QC10074,WH-101,PID7166,Home,2026-01-03,Barcode Issue,Medium,23,10,Fail,No,Junior
QC10075,WH-512,PID1125,Home,2025-11-11,Missing Parts,Low,59,3,Fail,No,Senior
QC10076,WH-101,PID8244,Home,2025-12-28,Missing Parts,Medium,157,8,Fail,No,Junior
QC10077,WH-305,PID4742,Electronics,2025-12-05,Wrong Item,Low,102,0,Pass,No,Junior
QC10078,WH-305,PID8844,Clothing,2025-12-09,Functional Failure,Low,125,0,Pass,No,Automated
QC10079,WH-512,PID2159,Sports,2025-10-17,Barcode Issue,Low,96,0,Pass,No,Senior
QC10080,WH-512,PID7067,Clothing,2025-11-01,Label Error,Medium,33,7,Fail,No,Senior
QC10081,WH-203,PID3416,Home,2025-12-09,Label Error,High,25,23,Fail,Yes,Junior
QC10082,WH-410,PID3843,Beauty,2026-01-01,Wrong Item,Low,46,2,Fail,No,Senior
QC10083,WH-203,PID2349,Home,2025-12-10,Barcode Issue,Low,54,0,Pass,No,Senior
QC10084,WH-512,PID6521,Clothing,2026-01-26,Wrong Item,Low,43,1,Fail,No,Automated
QC10085,WH-203,PID6348,Sports,2026-01-07,Wrong Item,Low,133,2,Fail,No,Automated
QC10086,WH-305,PID6284,Electronics,2025-09-05,Missing Parts,Low,65,0,Pass,No,Senior
QC10087,WH-512,PID2572,Clothing,2026-01-10,Packaging Damage,Medium,128,3,Fail,No,Senior
QC10088,WH-101,PID6880,Home,2025-10-09,Packaging Damage,Low,59,0,Pass,No,Automated
QC10089,WH-512,PID2651,Beauty,2025-12-26,Barcode Issue,Low,178,1,Fail,No,Junior
QC10090,WH-305,PID6414,Clothing,2025-09-14,Functional Failure,Low,170,2,Fail,No,Senior
QC10091,WH-203,PID2939,Sports,2025-10-01,Missing Parts,Medium,116,4,Fail,No,Senior
QC10092,WH-203,PID9970,Home,2025-12-03,Cosmetic Defect,Medium,47,5,Fail,No,Senior
QC10093,WH-410,PID4878,Home,2026-02-02,Missing Parts,Low,191,0,Pass,No,Junior
QC10094,WH-203,PID3725,Beauty,2025-10-07,Wrong Item,Low,119,1,Fail,No,Senior
QC10095,WH-410,PID7867,Sports,2026-01-14,Functional Failure,Medium,184,3,Fail,No,Junior
QC10096,WH-512,PID6605,Sports,2026-02-06,Label Error,Medium,139,2,Fail,No,Automated
QC10097,WH-203,PID9539,Clothing,2026-01-30,Barcode Issue,Low,42,3,Fail,No,Junior
QC10098,WH-305,PID5563,Sports,2025-10-03,Missing Parts,Medium,72,3,Fail,No,Senior
QC10099,WH-101,PID4700,Electronics,2025-11-23,Missing Parts,Low,185,1,Fail,No,Automated
QC10100,WH-101,PID2776,Clothing,2026-02-01,Missing Parts,Low,138,2,Fail,No,Junior
QC10101,WH-203,PID9729,Home,2026-01-09,Cosmetic Defect,High,82,8,Fail,Yes,Automated
QC10102,WH-203,PID1745,Beauty,2025-11-14,Barcode Issue,Low,62,0,Pass,No,Senior
QC10103,WH-305,PID6500,Electronics,2025-12-08,Label Error,Low,190,1,Fail,No,Junior
QC10104,WH-512,PID2319,Sports,2026-02-09,Label Error,Low,85,1,Fail,No,Junior
QC10105,WH-305,PID6568,Beauty,2026-01-29,Wrong Item,Medium,162,2,Fail,No,Automated
QC10106,WH-203,PID5335,Sports,2026-01-16,Wrong Item,Medium,89,5,Fail,No,Senior
QC10107,WH-410,PID3456,Clothing,2025-10-10,Packaging Damage,Low,77,3,Fail,No,Junior
QC10108,WH-305,PID4223,Sports,2025-09-25,Wrong Item,High,131,12,Fail,Yes,Automated
QC10109,WH-203,PID3753,Beauty,2025-12-02,Missing Parts,High,111,10,Fail,Yes,Junior
QC10110,WH-512,PID2277,Clothing,2025-11-27,Label Error,Medium,51,5,Fail,No,Junior
QC10111,WH-410,PID4270,Sports,2026-01-14,Packaging Damage,Low,145,3,Fail,No,Automated
QC10112,WH-203,PID8277,Clothing,2025-12-15,Label Error,Low,140,0,Pass,No,Automated
QC10113,WH-101,PID4414,Home,2026-01-24,Cosmetic Defect,Medium,193,5,Fail,No,Automated
QC10114,WH-101,PID9531,Home,2026-01-10,Wrong Item,Medium,156,2,Fail,No,Junior
QC10115,WH-512,PID8173,Sports,2025-12-12,Missing Parts,Low,88,0,Pass,No,Automated
QC10116,WH-101,PID8117,Clothing,2025-12-28,Cosmetic Defect,Medium,12,7,Fail,No,Junior
QC10117,WH-305,PID8249,Beauty,2026-02-18,Wrong Item,Low,107,1,Fail,No,Senior
QC10118,WH-305,PID9565,Beauty,2025-11-24,Label Error,Low,91,1,Fail,No,Senior
QC10119,WH-410,PID3634,Sports,2026-02-09,Label Error,Low,106,2,Fail,No,Junior
QC10120,WH-305,PID4074,Beauty,2026-02-11,Functional Failure,Low,44,1,Fail,No,Automated
QC10121,WH-512,PID5958,Beauty,2026-02-25,Wrong Item,Medium,19,9,Fail,No,Junior
QC10122,WH-305,PID6226,Home,2026-02-22,Cosmetic Defect,Low,193,0,Pass,No,Senior
QC10123,WH-305,PID9901,Sports,2025-10-14,Cosmetic Defect,Low,29,1,Fail,No,Senior
QC10124,WH-410,PID3789,Clothing,2026-01-23,Barcode Issue,Medium,44,4,Fail,No,Automated
QC10125,WH-101,PID3034,Sports,2025-09-27,Packaging Damage,Low,52,2,Fail,No,Automated
QC10126,WH-203,PID8851,Beauty,2025-12-16,Cosmetic Defect,Low,23,3,Fail,No,Automated
QC10127,WH-101,PID1657,Home,2026-02-25,Label Error,Low,191,1,Fail,No,Senior
QC10128,WH-203,PID9223,Sports,2025-12-22,Packaging Damage,Low,72,1,Fail,No,Junior
QC10129,WH-410,PID6874,Sports,2026-01-22,Barcode Issue,Medium,70,5,Fail,No,Senior
QC10130,WH-101,PID2914,Beauty,2026-01-06,Wrong Item,Low,160,0,Pass,No,Automated
QC10131,WH-410,PID6780,Home,2025-09-26,Label Error,Low,26,0,Pass,No,Automated
QC10132,WH-410,PID1529,Clothing,2025-11-30,Wrong Item,Low,146,0,Pass,No,Junior
QC10133,WH-101,PID9009,Sports,2025-11-04,Functional Failure,Low,27,1,Fail,No,Junior
QC10134,WH-305,PID3556,Electronics,2026-02-18,Packaging Damage,Low,125,0,Pass,No,Junior
QC10135,WH-305,PID3644,Clothing,2026-01-11,Packaging Damage,Low,114,2,Fail,No,Automated
QC10136,WH-512,PID5319,Sports,2025-12-23,Cosmetic Defect,High,57,8,Fail,Yes,Automated
QC10137,WH-512,PID8854,Electronics,2026-02-09,Missing Parts,Low,64,0,Pass,No,Senior
QC10138,WH-305,PID2850,Beauty,2025-12-11,Missing Parts,Medium,103,2,Fail,No,Junior
QC10139,WH-101,PID2687,Beauty,2026-01-04,Barcode Issue,Low,126,1,Fail,No,Junior
QC10140,WH-101,PID4006,Sports,2025-11-28,Functional Failure,Medium,181,9,Fail,No,Senior
QC10141,WH-512,PID4801,Electronics,2025-11-12,Missing Parts,High,84,14,Fail,Yes,Junior
QC10142,WH-101,PID2183,Beauty,2025-11-30,Barcode Issue,Low,78,0,Pass,No,Automated
QC10143,WH-101,PID4677,Beauty,2025-09-04,Label Error,Low,113,0,Pass,No,Senior
QC10144,WH-101,PID2596,Home,2025-10-22,Cosmetic Defect,Medium,198,7,Fail,No,Junior
QC10145,WH-305,PID4912,Sports,2025-11-26,Packaging Damage,Low,166,3,Fail,No,Junior
QC10146,WH-305,PID9363,Beauty,2026-01-22,Missing Parts,High,26,18,Fail,Yes,Automated
QC10147,WH-410,PID7748,Electronics,2025-12-07,Missing Parts,High,112,18,Fail,Yes,Automated
QC10148,WH-101,PID1394,Beauty,2025-10-10,Functional Failure,Medium,16,2,Fail,No,Automated
QC10149,WH-512,PID3772,Clothing,2025-09-29,Cosmetic Defect,Low,76,1,Fail,No,Automated
QC10150,WH-101,PID8732,Sports,2025-09-26,Barcode Issue,High,200,21,Fail,Yes,Senior
QC10151,WH-305,PID1811,Beauty,2025-12-09,Missing Parts,Medium,64,4,Fail,No,Junior
QC10152,WH-410,PID2480,Home,2025-09-23,Missing Parts,High,200,22,Fail,Yes,Automated
QC10153,WH-512,PID5416,Beauty,2026-01-26,Missing Parts,Medium,48,3,Fail,No,Automated
QC10154,WH-512,PID5923,Electronics,2025-09-10,Missing Parts,Low,76,2,Fail,No,Senior
QC10155,WH-203,PID8093,Beauty,2025-11-13,Wrong Item,Low,44,2,Fail,No,Automated
QC10156,WH-101,PID9148,Electronics,2026-02-12,Wrong Item,Low,145,3,Fail,No,Senior
QC10157,WH-203,PID7147,Home,2026-02-05,Packaging Damage,Low,67,2,Fail,No,Junior
QC10158,WH-305,PID8375,Home,2025-12-16,Label Error,Low,113,3,Fail,No,Junior
QC10159,WH-305,PID7831,Home,2025-11-09,Packaging Damage,High,180,25,Fail,Yes,Senior
QC10160,WH-410,PID3069,Beauty,2025-10-21,Missing Parts,Low,35,3,Fail,No,Automated
QC10161,WH-101,PID3237,Electronics,2026-02-18,Packaging Damage,Medium,86,10,Fail,No,Senior
QC10162,WH-512,PID6112,Home,2026-01-04,Functional Failure,High,129,6,Fail,Yes,Senior
QC10163,WH-512,PID2648,Home,2025-11-03,Cosmetic Defect,Low,65,0,Pass,No,Junior
QC10164,WH-203,PID6047,Sports,2026-01-25,Wrong Item,Low,112,2,Fail,No,Automated
QC10165,WH-101,PID2956,Home,2025-09-08,Barcode Issue,Low,52,1,Fail,No,Junior
QC10166,WH-305,PID3394,Electronics,2025-10-11,Missing Parts,Low,175,1,Fail,No,Junior
QC10167,WH-512,PID7476,Sports,2025-12-12,Label Error,Low,19,0,Pass,No,Automated
QC10168,WH-101,PID1454,Clothing,2025-10-18,Missing Parts,Medium,110,7,Fail,No,Junior
QC10169,WH-410,PID5608,Home,2026-01-14,Wrong Item,Medium,166,7,Fail,No,Senior
QC10170,WH-203,PID2043,Sports,2025-10-21,Missing Parts,Low,119,3,Fail,No,Junior
QC10171,WH-305,PID6400,Clothing,2026-01-18,Functional Failure,Medium,148,9,Fail,No,Automated
QC10172,WH-512,PID1674,Beauty,2025-12-02,Label Error,Medium,30,9,Fail,No,Junior
QC10173,WH-512,PID3741,Beauty,2025-10-05,Functional Failure,Low,27,2,Fail,No,Automated
QC10174,WH-203,PID2425,Beauty,2026-02-01,Cosmetic Defect,Low,173,0,Pass,No,Senior
QC10175,WH-305,PID9172,Beauty,2025-12-18,Label Error,Medium,47,8,Fail,No,Automated
QC10176,WH-203,PID9712,Home,2026-02-28,Packaging Damage,Low,92,0,Pass,No,Senior
QC10177,WH-410,PID5722,Clothing,2026-01-12,Functional Failure,Low,71,3,Fail,No,Automated
QC10178,WH-203,PID3987,Sports,2025-12-12,Functional Failure,Low,152,3,Fail,No,Automated
QC10179,WH-203,PID5375,Clothing,2025-12-22,Label Error,Medium,141,5,Fail,No,Automated
QC10180,WH-512,PID6626,Beauty,2026-01-28,Functional Failure,Medium,124,10,Fail,No,Automated
QC10181,WH-512,PID4905,Electronics,2025-11-20,Cosmetic Defect,Medium,116,5,Fail,No,Automated
QC10182,WH-512,PID4458,Electronics,2025-12-26,Functional Failure,Low,37,2,Fail,No,Junior
QC10183,WH-203,PID3113,Home,2025-09-19,Wrong Item,Low,24,2,Fail,No,Automated
QC10184,WH-410,PID6485,Electronics,2025-11-23,Barcode Issue,Low,73,0,Pass,No,Junior
QC10185,WH-203,PID2952,Clothing,2026-02-15,Packaging Damage,Low,167,3,Fail,No,Automated
QC10186,WH-203,PID8782,Clothing,2026-02-13,Missing Parts,Medium,74,8,Fail,No,Automated
QC10187,WH-410,PID6821,Beauty,2025-12-15,Cosmetic Defect,High,180,9,Fail,Yes,Junior
QC10188,WH-305,PID5613,Beauty,2025-09-07,Wrong Item,Medium,43,8,Fail,No,Senior
QC10189,WH-410,PID8576,Beauty,2025-10-16,Label Error,Low,66,2,Fail,No,Senior
QC10190,WH-101,PID7431,Beauty,2025-10-30,Packaging Damage,Low,193,2,Fail,No,Senior
QC10191,WH-410,PID7420,Sports,2025-12-19,Missing Parts,Low,91,2,Fail,No,Junior
QC10192,WH-101,PID4212,Sports,2026-01-27,Wrong Item,Medium,168,2,Fail,No,Senior
QC10193,WH-410,PID2552,Beauty,2026-01-01,Packaging Damage,High,100,10,Fail,Yes,Senior
QC10194,WH-203,PID9106,Electronics,2025-12-05,Cosmetic Defect,Low,126,3,Fail,No,Senior
QC10195,WH-101,PID4678,Beauty,2025-10-26,Label Error,Medium,127,10,Fail,No,Automated
QC10196,WH-101,PID7430,Home,2026-01-02,Label Error,Low,30,2,Fail,No,Automated
QC10197,WH-410,PID1304,Beauty,2025-10-22,Functional Failure,Medium,27,5,Fail,No,Senior
QC10198,WH-203,PID9216,Clothing,2025-09-20,Missing Parts,Low,96,1,Fail,No,Junior
QC10199,WH-101,PID2545,Clothing,2025-10-29,Functional Failure,Low,139,2,Fail,No,Automated
QC10200,WH-512,PID3139,Clothing,2025-11-15,Missing Parts,Low,129,2,Fail,No,Senior
QC10201,WH-203,PID1642,Home,2026-01-29,Cosmetic Defect,Medium,40,2,Fail,No,Senior
QC10202,WH-101,PID6529,Sports,2025-11-24,Wrong Item,Medium,163,9,Fail,No,Automated
QC10203,WH-410,PID2343,Home,2025-12-24,Barcode Issue,Medium,200,10,Fail,No,Senior
QC10204,WH-512,PID8674,Clothing,2025-12-08,Label Error,Low,148,2,Fail,No,Senior
QC10205,WH-203,PID8089,Electronics,2025-11-13,Wrong Item,Low,19,0,Pass,No,Automated
QC10206,WH-101,PID1886,Sports,2026-01-19,Barcode Issue,Low,34,0,Pass,No,Junior
QC10207,WH-101,PID4543,Electronics,2025-10-25,Functional Failure,Low,19,0,Pass,No,Automated
QC10208,WH-203,PID7141,Beauty,2025-11-16,Cosmetic Defect,Medium,127,7,Fail,No,Senior
QC10209,WH-410,PID3561,Home,2025-09-27,Cosmetic Defect,Medium,172,7,Fail,No,Senior
QC10210,WH-305,PID8227,Clothing,2025-12-16,Functional Failure,Low,14,2,Fail,No,Automated
QC10211,WH-410,PID5083,Beauty,2026-01-02,Barcode Issue,Medium,136,10,Fail,No,Senior
QC10212,WH-512,PID5077,Home,2025-12-17,Label Error,Low,127,0,Pass,No,Senior
QC10213,WH-203,PID4551,Clothing,2025-09-19,Functional Failure,Low,78,1,Fail,No,Senior
QC10214,WH-101,PID3324,Home,2025-09-22,Missing Parts,Low,24,3,Fail,No,Junior
QC10215,WH-410,PID7128,Beauty,2026-01-08,Functional Failure,Low,14,1,Fail,No,Senior
QC10216,WH-410,PID9532,Beauty,2025-11-14,Packaging Damage,Medium,173,6,Fail,No,Junior
QC10217,WH-203,PID9297,Beauty,2025-12-17,Label Error,Low,18,0,Pass,No,Senior
QC10218,WH-101,PID6403,Beauty,2026-01-24,Missing Parts,Low,82,3,Fail,No,Automated
QC10219,WH-101,PID3429,Home,2025-11-02,Missing Parts,Medium,73,5,Fail,No,Automated
QC10220,WH-512,PID6811,Home,2025-12-26,Missing Parts,Low,145,3,Fail,No,Senior
QC10221,WH-512,PID6100,Sports,2025-11-08,Barcode Issue,Low,62,3,Fail,No,Senior
QC10222,WH-305,PID1010,Electronics,2025-11-17,Packaging Damage,Medium,185,7,Fail,No,Junior
QC10223,WH-410,PID9585,Home,2025-11-20,Cosmetic Defect,Low,11,0,Pass,No,Senior
QC10224,WH-512,PID8736,Beauty,2025-10-02,Functional Failure,Medium,155,6,Fail,No,Junior
QC10225,WH-305,PID9543,Beauty,2025-10-06,Wrong Item,Low,187,3,Fail,No,Junior
QC10226,WH-101,PID1134,Beauty,2025-12-31,Packaging Damage,Medium,18,9,Fail,No,Junior
QC10227,WH-410,PID4440,Sports,2025-10-05,Wrong Item,High,96,5,Fail,Yes,Automated
QC10228,WH-203,PID7123,Sports,2025-09-13,Cosmetic Defect,Low,59,0,Pass,No,Junior
QC10229,WH-410,PID1827,Beauty,2025-11-14,Wrong Item,Medium,144,7,Fail,No,Automated
QC10230,WH-101,PID7582,Electronics,2025-12-25,Cosmetic Defect,Medium,39,3,Fail,No,Automated
QC10231,WH-101,PID6651,Sports,2025-12-13,Label Error,Low,93,0,Pass,No,Junior
QC10232,WH-203,PID2105,Clothing,2025-10-15,Wrong Item,Medium,126,3,Fail,No,Automated
QC10233,WH-101,PID1695,Home,2025-11-16,Packaging Damage,Low,90,0,Pass,No,Junior
QC10234,WH-512,PID4292,Sports,2026-01-05,Barcode Issue,Low,170,1,Fail,No,Junior
QC10235,WH-203,PID4966,Sports,2025-09-30,Cosmetic Defect,Medium,29,6,Fail,No,Senior
QC10236,WH-512,PID3784,Electronics,2026-02-24,Barcode Issue,Low,51,0,Pass,No,Senior
QC10237,WH-101,PID3350,Electronics,2025-09-09,Label Error,Low,117,0,Pass,No,Automated
QC10238,WH-203,PID3821,Home,2025-11-25,Functional Failure,Medium,99,9,Fail,No,Automated
QC10239,WH-203,PID2800,Electronics,2025-09-03,Label Error,Medium,106,4,Fail,No,Junior
QC10240,WH-203,PID7290,Sports,2025-09-25,Packaging Damage,Low,81,2,Fail,No,Senior
QC10241,WH-512,PID6878,Home,2025-09-10,Missing Parts,High,16,15,Fail,Yes,Senior
QC10242,WH-203,PID9039,Clothing,2026-02-17,Functional Failure,Medium,185,6,Fail,No,Automated
QC10243,WH-512,PID9288,Electronics,2025-09-06,Cosmetic Defect,Low,19,0,Pass,No,Automated
QC10244,WH-101,PID5632,Home,2025-09-30,Label Error,Medium,185,8,Fail,No,Junior
QC10245,WH-101,PID7079,Clothing,2026-02-18,Packaging Damage,Low,17,2,Fail,No,Junior
QC10246,WH-305,PID7454,Sports,2025-12-23,Label Error,Medium,183,10,Fail,No,Automated
QC10247,WH-203,PID6412,Electronics,2026-01-27,Missing Parts,Low,124,0,Pass,No,Automated
QC10248,WH-512,PID5260,Home,2025-11-29,Missing Parts,Medium,145,4,Fail,No,Senior
QC10249,WH-203,PID9542,Beauty,2026-02-05,Cosmetic Defect,Medium,81,8,Fail,No,Junior
QC10250,WH-101,PID1339,Home,2025-11-27,Packaging Damage,Low,20,2,Fail,No,Automated
QC10251,WH-410,PID9320,Home,2026-01-08,Wrong Item,Low,127,3,Fail,No,Automated
QC10252,WH-203,PID2519,Clothing,2026-01-22,Label Error,Medium,182,3,Fail,No,Senior
QC10253,WH-305,PID3477,Electronics,2025-10-10,Cosmetic Defect,Low,172,3,Fail,No,Senior
QC10254,WH-410,PID5363,Clothing,2025-09-15,Packaging Damage,Low,152,2,Fail,No,Junior
QC10255,WH-101,PID2873,Electronics,2025-11-17,Wrong Item,Low,194,2,Fail,No,Senior
QC10256,WH-305,PID3912,Electronics,2025-12-20,Label Error,Medium,167,7,Fail,No,Senior
QC10257,WH-410,PID8570,Electronics,2025-10-21,Packaging Damage,Low,105,3,Fail,No,Senior
QC10258,WH-203,PID8605,Beauty,2026-02-06,Missing Parts,High,157,5,Fail,Yes,Automated
QC10259,WH-512,PID5646,Sports,2025-12-26,Missing Parts,Low,103,0,Pass,No,Senior
QC10260,WH-305,PID8132,Beauty,2025-09-21,Missing Parts,Low,100,0,Pass,No,Senior
QC10261,WH-101,PID9454,Clothing,2025-09-29,Label Error,Low,89,2,Fail,No,Senior
QC10262,WH-101,PID5470,Sports,2026-01-12,Cosmetic Defect,Medium,145,4,Fail,No,Senior
QC10263,WH-203,PID6584,Clothing,2025-11-24,Label Error,Low,115,3,Fail,No,Senior
QC10264,WH-512,PID7640,Home,2025-11-06,Barcode Issue,Low,199,2,Fail,No,Junior
QC10265,WH-410,PID5474,Electronics,2026-01-07,Cosmetic Defect,Low,49,1,Fail,No,Automated
QC10266,WH-305,PID4983,Home,2025-10-12,Functional Failure,High,161,11,Fail,Yes,Junior
QC10267,WH-305,PID8892,Clothing,2025-11-17,Packaging Damage,Low,156,2,Fail,No,Senior
QC10268,WH-101,PID4206,Clothing,2025-10-24,Label Error,Low,45,0,Pass,No,Junior
QC10269,WH-101,PID7565,Clothing,2025-10-02,Label Error,Medium,163,7,Fail,No,Senior
QC10270,WH-512,PID8991,Clothing,2025-12-25,Packaging Damage,Low,67,1,Fail,No,Senior
QC10271,WH-512,PID9197,Home,2025-12-16,Packaging Damage,Low,121,1,Fail,No,Automated
QC10272,WH-305,PID8326,Electronics,2025-12-08,Missing Parts,Medium,154,4,Fail,No,Senior
QC10273,WH-203,PID7253,Electronics,2026-01-20,Cosmetic Defect,Low,177,3,Fail,No,Automated
QC10274,WH-101,PID4326,Beauty,2025-10-21,Cosmetic Defect,Low,101,3,Fail,No,Junior
QC10275,WH-512,PID1990,Electronics,2026-02-10,Packaging Damage,Low,125,0,Pass,No,Junior
QC10276,WH-203,PID7625,Home,2025-10-04,Packaging Damage,Low,83,0,Pass,No,Junior
QC10277,WH-512,PID8903,Clothing,2025-11-22,Packaging Damage,Medium,32,9,Fail,No,Senior
QC10278,WH-101,PID7064,Electronics,2025-10-07,Missing Parts,Low,36,0,Pass,No,Junior
QC10279,WH-305,PID1857,Home,2025-12-02,Label Error,Low,47,0,Pass,No,Junior
QC10280,WH-512,PID2472,Beauty,2026-02-15,Missing Parts,Low,177,0,Pass,No,Senior
QC10281,WH-101,PID8700,Electronics,2025-10-29,Wrong Item,Medium,195,6,Fail,No,Automated
QC10282,WH-305,PID2203,Electronics,2025-12-27,Functional Failure,Medium,21,6,Fail,No,Automated
QC10283,WH-512,PID7578,Home,2025-12-05,Functional Failure,Low,177,0,Pass,No,Automated
QC10284,WH-203,PID8260,Sports,2025-10-09,Label Error,Medium,71,7,Fail,No,Senior
QC10285,WH-101,PID5549,Electronics,2025-10-13,Cosmetic Defect,Low,61,2,Fail,No,Junior
QC10286,WH-203,PID6078,Clothing,2025-12-01,Packaging Damage,Medium,97,3,Fail,No,Senior
QC10287,WH-101,PID2697,Sports,2025-10-18,Packaging Damage,Low,39,1,Fail,No,Senior
QC10288,WH-512,PID1934,Sports,2025-09-04,Functional Failure,High,54,5,Fail,Yes,Junior
QC10289,WH-203,PID4898,Beauty,2025-10-30,Wrong Item,Low,41,1,Fail,No,Automated
QC10290,WH-203,PID6296,Clothing,2025-11-21,Missing Parts,Low,172,2,Fail,No,Automated
QC10291,WH-512,PID9883,Clothing,2025-10-14,Label Error,Low,154,0,Pass,No,Automated
QC10292,WH-410,PID3698,Electronics,2025-10-02,Packaging Damage,High,67,18,Fail,Yes,Automated
QC10293,WH-203,PID8027,Sports,2026-02-25,Label Error,High,56,5,Fail,Yes,Junior
QC10294,WH-512,PID3283,Electronics,2025-09-05,Barcode Issue,Low,121,1,Fail,No,Automated
QC10295,WH-410,PID2747,Clothing,2025-12-23,Wrong Item,Low,61,0,Pass,No,Junior
QC10296,WH-101,PID8395,Home,2026-02-13,Packaging Damage,Low,108,0,Pass,No,Automated
QC10297,WH-203,PID8415,Clothing,2025-11-23,Barcode Issue,Medium,137,8,Fail,No,Senior
QC10298,WH-203,PID8507,Home,2026-01-24,Label Error,Low,173,2,Fail,No,Senior
QC10299,WH-305,PID7507,Electronics,2026-02-09,Cosmetic Defect,Low,43,1,Fail,No,Senior
QC10300,WH-410,PID5185,Beauty,2025-10-16,Label Error,Low,163,0,Pass,No,Automated
QC10301,WH-512,PID9521,Home,2026-02-08,Cosmetic Defect,Low,194,3,Fail,No,Automated
QC10302,WH-101,PID1253,Clothing,2025-11-04,Cosmetic Defect,Low,90,1,Fail,No,Automated
QC10303,WH-410,PID1247,Sports,2026-02-07,Wrong Item,Medium,175,2,Fail,No,Automated
QC10304,WH-410,PID1213,Clothing,2025-12-02,Barcode Issue,Low,28,1,Fail,No,Junior
QC10305,WH-203,PID9266,Electronics,2025-10-14,Packaging Damage,Low,145,0,Pass,No,Automated
QC10306,WH-512,PID6847,Clothing,2026-02-01,Cosmetic Defect,Low,26,1,Fail,No,Automated
QC10307,WH-305,PID5166,Electronics,2025-11-01,Packaging Damage,Low,161,1,Fail,No,Junior
QC10308,WH-305,PID4185,Sports,2026-02-01,Missing Parts,Medium,176,4,Fail,No,Junior
QC10309,WH-305,PID2821,Home,2025-09-22,Cosmetic Defect,High,137,21,Fail,Yes,Senior
QC10310,WH-512,PID3521,Sports,2025-11-10,Missing Parts,Low,136,3,Fail,No,Junior
QC10311,WH-512,PID5002,Beauty,2026-02-08,Missing Parts,Low,29,3,Fail,No,Junior
QC10312,WH-305,PID6210,Sports,2025-11-01,Cosmetic Defect,Medium,32,6,Fail,No,Senior
QC10313,WH-203,PID4506,Clothing,2025-09-22,Barcode Issue,Low,23,0,Pass,No,Automated
QC10314,WH-512,PID7920,Clothing,2026-01-14,Barcode Issue,Medium,45,7,Fail,No,Junior
QC10315,WH-101,PID2978,Clothing,2026-02-14,Label Error,Low,114,0,Pass,No,Automated
QC10316,WH-305,PID4397,Clothing,2026-02-24,Label Error,Low,157,0,Pass,No,Junior
QC10317,WH-305,PID4312,Clothing,2025-09-11,Label Error,Medium,32,6,Fail,No,Senior
QC10318,WH-305,PID6237,Electronics,2025-10-30,Wrong Item,Low,171,1,Fail,No,Senior
QC10319,WH-203,PID7979,Beauty,2026-01-23,Cosmetic Defect,Low,144,2,Fail,No,Senior
QC10320,WH-512,PID3686,Beauty,2026-02-07,Missing Parts,Low,113,0,Pass,No,Automated
QC10321,WH-203,PID5575,Home,2025-09-16,Cosmetic Defect,High,52,5,Fail,Yes,Senior
QC10322,WH-101,PID8301,Beauty,2026-02-06,Wrong Item,Medium,191,4,Fail,No,Automated
QC10323,WH-410,PID6434,Beauty,2026-01-13,Wrong Item,Medium,84,6,Fail,No,Junior
QC10324,WH-101,PID3251,Sports,2025-10-17,Label Error,Low,132,0,Pass,No,Senior
QC10325,WH-203,PID2927,Sports,2025-10-31,Cosmetic Defect,Low,109,1,Fail,No,Automated
QC10326,WH-512,PID2956,Electronics,2026-02-28,Cosmetic Defect,High,69,18,Fail,Yes,Senior
QC10327,WH-203,PID1979,Clothing,2025-09-12,Barcode Issue,Low,126,3,Fail,No,Senior
QC10328,WH-203,PID5112,Clothing,2025-10-16,Wrong Item,Low,33,2,Fail,No,Automated
QC10329,WH-101,PID4499,Clothing,2026-02-01,Cosmetic Defect,Medium,83,5,Fail,No,Automated
QC10330,WH-305,PID6711,Electronics,2026-01-20,Label Error,Medium,52,2,Fail,No,Junior
QC10331,WH-305,PID9498,Clothing,2026-01-29,Barcode Issue,Medium,133,3,Fail,No,Junior
QC10332,WH-410,PID9268,Home,2026-02-24,Missing Parts,Medium,152,3,Fail,No,Automated
QC10333,WH-203,PID2266,Home,2026-01-25,Packaging Damage,Medium,72,10,Fail,No,Junior
QC10334,WH-305,PID1623,Home,2025-10-02,Functional Failure,High,190,15,Fail,Yes,Automated
QC10335,WH-410,PID6874,Home,2026-01-23,Barcode Issue,High,173,7,Fail,Yes,Junior
QC10336,WH-305,PID6224,Clothing,2025-09-15,Label Error,Low,197,2,Fail,No,Automated
QC10337,WH-203,PID1891,Beauty,2025-10-08,Label Error,Low,87,2,Fail,No,Automated
QC10338,WH-512,PID1562,Home,2026-01-09,Label Error,Low,93,1,Fail,No,Junior
QC10339,WH-101,PID5255,Beauty,2025-12-25,Label Error,Low,92,0,Pass,No,Senior
QC10340,WH-410,PID1477,Clothing,2025-11-10,Functional Failure,Low,40,2,Fail,No,Automated
QC10341,WH-101,PID1420,Clothing,2026-01-24,Missing Parts,Low,45,3,Fail,No,Automated
QC10342,WH-101,PID7460,Clothing,2026-01-06,Functional Failure,Medium,92,9,Fail,No,Junior
QC10343,WH-203,PID4909,Home,2025-11-05,Barcode Issue,Medium,68,9,Fail,No,Junior
QC10344,WH-203,PID2359,Clothing,2025-11-16,Cosmetic Defect,Low,184,0,Pass,No,Senior
QC10345,WH-305,PID3298,Home,2025-10-20,Cosmetic Defect,Low,40,3,Fail,No,Junior
QC10346,WH-101,PID5048,Beauty,2025-12-22,Missing Parts,Low,30,2,Fail,No,Junior
QC10347,WH-305,PID6829,Electronics,2026-01-13,Packaging Damage,Low,113,3,Fail,No,Automated
QC10348,WH-203,PID2905,Sports,2025-12-23,Functional Failure,Low,150,0,Pass,No,Junior
QC10349,WH-101,PID7983,Beauty,2025-12-07,Label Error,Medium,116,2,Fail,No,Junior
QC10350,WH-101,PID5598,Beauty,2025-11-09,Missing Parts,Low,32,3,Fail,No,Junior
QC10351,WH-203,PID3830,Home,2025-12-09,Missing Parts,High,172,21,Fail,Yes,Automated
QC10352,WH-203,PID9473,Clothing,2025-10-17,Functional Failure,Medium,36,7,Fail,No,Junior
QC10353,WH-101,PID2809,Beauty,2025-12-05,Cosmetic Defect,Low,48,3,Fail,No,Senior
QC10354,WH-203,PID4337,Sports,2025-12-28,Missing Parts,Medium,88,9,Fail,No,Automated
QC10355,WH-305,PID8083,Electronics,2025-11-09,Packaging Damage,Low,129,1,Fail,No,Junior
QC10356,WH-410,PID7152,Home,2025-10-15,Wrong Item,Low,195,0,Pass,No,Senior
QC10357,WH-512,PID7305,Sports,2025-12-19,Missing Parts,Low,19,2,Fail,No,Junior
QC10358,WH-101,PID7397,Clothing,2025-11-12,Packaging Damage,Low,168,2,Fail,No,Senior
QC10359,WH-512,PID1998,Home,2025-10-12,Wrong Item,Medium,185,3,Fail,No,Senior
QC10360,WH-410,PID1525,Beauty,2026-02-22,Cosmetic Defect,Low,52,0,Pass,No,Junior
QC10361,WH-101,PID8027,Sports,2025-10-31,Wrong Item,Medium,173,6,Fail,No,Senior
QC10362,WH-305,PID4515,Beauty,2025-09-20,Barcode Issue,Low,144,3,Fail,No,Junior
QC10363,WH-410,PID8302,Clothing,2025-11-21,Functional Failure,Low,31,2,Fail,No,Junior
QC10364,WH-410,PID2312,Electronics,2025-11-27,Functional Failure,Low,88,3,Fail,No,Junior
QC10365,WH-410,PID8708,Sports,2025-12-11,Label Error,High,183,7,Fail,Yes,Automated
QC10366,WH-101,PID4292,Sports,2026-01-18,Barcode Issue,Medium,131,7,Fail,No,Automated
QC10367,WH-305,PID6875,Beauty,2026-01-20,Functional Failure,Low,77,1,Fail,No,Automated
QC10368,WH-101,PID8663,Electronics,2025-11-22,Packaging Damage,High,60,5,Fail,Yes,Automated
QC10369,WH-512,PID5286,Beauty,2025-11-10,Cosmetic Defect,Medium,185,4,Fail,No,Junior
QC10370,WH-203,PID6036,Electronics,2026-01-11,Missing Parts,Low,103,3,Fail,No,Automated
QC10371,WH-512,PID9520,Clothing,2025-09-23,Cosmetic Defect,Medium,81,2,Fail,No,Automated
QC10372,WH-410,PID4363,Electronics,2025-09-29,Wrong Item,Low,77,2,Fail,No,Senior
QC10373,WH-203,PID9098,Sports,2025-11-01,Functional Failure,High,102,19,Fail,Yes,Automated
QC10374,WH-305,PID4041,Clothing,2026-01-21,Barcode Issue,High,76,6,Fail,Yes,Senior
QC10375,WH-101,PID5210,Sports,2025-12-01,Packaging Damage,Low,102,2,Fail,No,Junior
QC10376,WH-512,PID6461,Sports,2026-02-16,Wrong Item,Low,176,2,Fail,No,Automated
QC10377,WH-203,PID1390,Home,2025-09-05,Missing Parts,Low,120,3,Fail,No,Senior
QC10378,WH-305,PID9245,Sports,2026-01-23,Packaging Damage,Low,149,3,Fail,No,Automated
QC10379,WH-305,PID7007,Clothing,2026-01-08,Missing Parts,High,193,22,Fail,Yes,Automated
QC10380,WH-305,PID8994,Sports,2025-12-21,Cosmetic Defect,High,75,12,Fail,Yes,Senior
QC10381,WH-203,PID8433,Electronics,2025-12-24,Label Error,Low,24,3,Fail,No,Automated
QC10382,WH-203,PID6518,Clothing,2025-09-21,Label Error,High,29,21,Fail,Yes,Junior
QC10383,WH-305,PID4811,Clothing,2026-02-19,Label Error,Low,37,0,Pass,No,Senior
QC10384,WH-410,PID2473,Clothing,2025-10-02,Wrong Item,Low,154,1,Fail,No,Automated
QC10385,WH-101,PID2656,Sports,2025-12-08,Packaging Damage,Low,128,2,Fail,No,Senior
QC10386,WH-512,PID6373,Beauty,2026-02-19,Barcode Issue,Low,30,3,Fail,No,Junior
QC10387,WH-203,PID6407,Electronics,2025-09-15,Functional Failure,Low,157,1,Fail,No,Junior
QC10388,WH-101,PID6468,Sports,2025-11-19,Cosmetic Defect,Low,134,3,Fail,No,Senior
QC10389,WH-203,PID5819,Beauty,2025-12-17,Packaging Damage,Low,56,3,Fail,No,Automated
QC10390,WH-203,PID3969,Sports,2026-01-20,Packaging Damage,Low,106,0,Pass,No,Junior
QC10391,WH-410,PID4558,Electronics,2025-12-11,Barcode Issue,Medium,179,8,Fail,No,Senior
QC10392,WH-101,PID2651,Home,2026-01-09,Barcode Issue,Low,161,3,Fail,No,Senior
QC10393,WH-305,PID9977,Clothing,2025-12-04,Functional Failure,Low,62,0,Pass,No,Senior
QC10394,WH-101,PID9457,Sports,2025-09-09,Functional Failure,Low,82,0,Pass,No,Senior
QC10395,WH-410,PID1547,Clothing,2025-11-21,Wrong Item,Medium,58,3,Fail,No,Automated
QC10396,WH-203,PID8723,Clothing,2025-11-22,Wrong Item,Medium,10,4,Fail,No,Automated
QC10397,WH-101,PID4680,Sports,2025-11-27,Cosmetic Defect,Medium,59,9,Fail,No,Junior
QC10398,WH-101,PID4315,Electronics,2025-10-27,Label Error,Medium,38,2,Fail,No,Junior
QC10399,WH-305,PID7499,Sports,2026-02-24,Label Error,Low,138,0,Pass,No,Senior
QC10400,WH-410,PID9501,Clothing,2026-01-30,Barcode Issue,Low,174,0,Pass,No,Junior
QC10401,WH-305,PID5555,Sports,2026-01-06,Missing Parts,Low,122,0,Pass,No,Junior
QC10402,WH-101,PID4611,Beauty,2026-02-20,Functional Failure,Low,91,3,Fail,No,Automated
QC10403,WH-410,PID9658,Clothing,2025-11-05,Functional Failure,Low,147,2,Fail,No,Senior
QC10404,WH-203,PID1871,Beauty,2025-11-27,Packaging Damage,Medium,94,5,Fail,No,Senior
QC10405,WH-203,PID3249,Beauty,2026-02-20,Wrong Item,Low,140,3,Fail,No,Senior
QC10406,WH-512,PID9378,Sports,2025-09-07,Barcode Issue,Low,34,3,Fail,No,Senior
QC10407,WH-101,PID1678,Clothing,2025-09-20,Wrong Item,Low,94,3,Fail,No,Automated
QC10408,WH-512,PID3900,Sports,2026-01-22,Label Error,Medium,135,10,Fail,No,Junior
QC10409,WH-512,PID9491,Clothing,2025-11-24,Missing Parts,High,98,17,Fail,Yes,Automated
QC10410,WH-203,PID4008,Electronics,2025-10-02,Label Error,Low,28,3,Fail,No,Junior
QC10411,WH-203,PID3846,Clothing,2026-02-07,Missing Parts,Medium,83,6,Fail,No,Automated
QC10412,WH-101,PID2145,Clothing,2025-09-10,Label Error,Medium,24,10,Fail,No,Automated
QC10413,WH-305,PID8623,Clothing,2025-09-25,Barcode Issue,Low,50,0,Pass,No,Automated
QC10414,WH-203,PID1039,Beauty,2025-12-06,Cosmetic Defect,Low,44,2,Fail,No,Junior
QC10415,WH-410,PID8034,Sports,2025-12-12,Wrong Item,Low,146,2,Fail,No,Junior
QC10416,WH-305,PID2922,Clothing,2025-12-06,Label Error,Low,176,1,Fail,No,Automated
QC10417,WH-512,PID6876,Beauty,2025-09-05,Functional Failure,Medium,113,4,Fail,No,Automated
QC10418,WH-101,PID1074,Home,2025-11-23,Packaging Damage,High,116,7,Fail,Yes,Senior
QC10419,WH-410,PID6010,Sports,2025-11-20,Functional Failure,Low,115,2,Fail,No,Senior
QC10420,WH-305,PID7694,Electronics,2026-02-13,Cosmetic Defect,Low,185,3,Fail,No,Senior
QC10421,WH-410,PID6934,Beauty,2025-10-24,Missing Parts,Low,141,0,Pass,No,Automated
QC10422,WH-101,PID7085,Electronics,2025-12-08,Functional Failure,Medium,41,6,Fail,No,Senior
QC10423,WH-305,PID9453,Clothing,2026-02-26,Cosmetic Defect,Low,106,1,Fail,No,Senior
QC10424,WH-305,PID5431,Sports,2026-01-30,Wrong Item,Medium,186,2,Fail,No,Senior
QC10425,WH-512,PID6522,Home,2025-09-08,Functional Failure,Low,77,3,Fail,No,Junior
QC10426,WH-101,PID6645,Clothing,2025-10-26,Cosmetic Defect,Low,87,0,Pass,No,Automated
QC10427,WH-305,PID1198,Clothing,2025-12-20,Barcode Issue,Low,155,1,Fail,No,Junior
QC10428,WH-512,PID4189,Beauty,2025-11-23,Functional Failure,Medium,27,6,Fail,No,Automated
QC10429,WH-101,PID4439,Sports,2025-11-29,Missing Parts,Low,127,3,Fail,No,Senior
QC10430,WH-512,PID2036,Home,2025-10-08,Cosmetic Defect,Low,178,3,Fail,No,Junior
QC10431,WH-101,PID3677,Electronics,2026-01-26,Packaging Damage,Medium,175,6,Fail,No,Senior
QC10432,WH-305,PID4557,Home,2025-11-23,Missing Parts,Low,41,3,Fail,No,Senior
QC10433,WH-203,PID7952,Electronics,2025-09-22,Packaging Damage,Medium,24,6,Fail,No,Senior
QC10434,WH-101,PID9079,Beauty,2025-10-28,Label Error,Low,37,2,Fail,No,Automated
QC10435,WH-203,PID6021,Clothing,2025-12-19,Missing Parts,Low,161,2,Fail,No,Automated
QC10436,WH-101,PID7068,Home,2025-11-01,Packaging Damage,Low,196,3,Fail,No,Automated
QC10437,WH-203,PID6582,Beauty,2026-01-18,Cosmetic Defect,Medium,17,2,Fail,No,Junior
QC10438,WH-305,PID9987,Sports,2025-11-24,Barcode Issue,Medium,114,2,Fail,No,Automated
QC10439,WH-410,PID7471,Sports,2025-10-12,Packaging Damage,High,31,14,Fail,Yes,Automated
QC10440,WH-512,PID1874,Electronics,2025-11-19,Barcode Issue,Low,191,2,Fail,No,Automated
QC10441,WH-305,PID8089,Clothing,2026-02-15,Cosmetic Defect,Medium,176,10,Fail,No,Automated
QC10442,WH-101,PID2680,Beauty,2026-02-28,Label Error,Medium,37,2,Fail,No,Senior
QC10443,WH-101,PID3198,Electronics,2025-09-17,Barcode Issue,Low,194,1,Fail,No,Senior
QC10444,WH-305,PID9153,Electronics,2026-01-05,Label Error,Low,103,2,Fail,No,Senior
QC10445,WH-203,PID5456,Home,2026-02-20,Packaging Damage,Low,39,0,Pass,No,Automated
QC10446,WH-512,PID9805,Electronics,2026-01-04,Packaging Damage,Medium,157,9,Fail,No,Senior
QC10447,WH-512,PID7254,Electronics,2026-02-12,Functional Failure,High,118,7,Fail,Yes,Junior
QC10448,WH-512,PID4106,Sports,2025-12-11,Label Error,Low,47,1,Fail,No,Senior
QC10449,WH-410,PID3940,Sports,2025-12-12,Functional Failure,Medium,138,8,Fail,No,Automated
QC10450,WH-101,PID4115,Home,2026-01-16,Cosmetic Defect,Medium,167,3,Fail,No,Automated
QC10451,WH-512,PID7311,Home,2025-12-31,Packaging Damage,Low,55,0,Pass,No,Junior
QC10452,WH-203,PID7184,Clothing,2025-10-23,Packaging Damage,Low,14,3,Fail,No,Automated
QC10453,WH-203,PID8284,Sports,2025-11-11,Wrong Item,Medium,92,8,Fail,No,Junior
QC10454,WH-101,PID3210,Beauty,2025-09-20,Functional Failure,Low,109,3,Fail,No,Senior
QC10455,WH-203,PID9047,Beauty,2025-12-02,Cosmetic Defect,Low,95,3,Fail,No,Senior
QC10456,WH-305,PID6198,Electronics,2025-11-04,Wrong Item,Low,104,3,Fail,No,Automated
QC10457,WH-203,PID1903,Sports,2025-11-05,Functional Failure,Medium,75,6,Fail,No,Automated
QC10458,WH-410,PID8396,Home,2025-11-23,Packaging Damage,Low,124,2,Fail,No,Junior
QC10459,WH-512,PID1121,Beauty,2025-09-03,Missing Parts,Low,18,0,Pass,No,Automated
QC10460,WH-203,PID3558,Beauty,2025-09-26,Wrong Item,Medium,32,8,Fail,No,Automated
QC10461,WH-410,PID6788,Sports,2025-11-25,Functional Failure,Low,55,0,Pass,No,Junior
QC10462,WH-101,PID3843,Electronics,2026-01-14,Cosmetic Defect,Medium,152,8,Fail,No,Junior
QC10463,WH-512,PID1231,Beauty,2025-12-19,Wrong Item,Low,79,2,Fail,No,Senior
QC10464,WH-512,PID6170,Sports,2026-02-17,Packaging Damage,Low,12,2,Fail,No,Senior
QC10465,WH-410,PID9100,Electronics,2025-12-09,Label Error,Low,177,3,Fail,No,Automated
QC10466,WH-203,PID6517,Beauty,2025-10-13,Barcode Issue,Low,152,1,Fail,No,Automated
QC10467,WH-305,PID5729,Sports,2026-01-17,Packaging Damage,Low,109,2,Fail,No,Senior
QC10468,WH-101,PID1923,Home,2025-11-27,Missing Parts,Low,95,2,Fail,No,Senior
QC10469,WH-203,PID9505,Sports,2025-10-29,Label Error,Low,76,0,Pass,No,Automated
QC10470,WH-305,PID4027,Electronics,2026-01-22,Packaging Damage,Medium,170,8,Fail,No,Junior
QC10471,WH-410,PID2333,Clothing,2026-01-23,Wrong Item,High,23,15,Fail,Yes,Senior
QC10472,WH-410,PID5906,Sports,2025-09-27,Cosmetic Defect,High,123,23,Fail,Yes,Senior
QC10473,WH-203,PID8624,Home,2025-11-27,Functional Failure,High,75,11,Fail,Yes,Senior
QC10474,WH-512,PID7069,Sports,2026-02-19,Wrong Item,Low,171,0,Pass,No,Senior
QC10475,WH-512,PID8817,Clothing,2026-01-28,Cosmetic Defect,High,166,20,Fail,Yes,Senior
QC10476,WH-410,PID4344,Electronics,2025-12-04,Packaging Damage,Medium,197,3,Fail,No,Junior
QC10477,WH-101,PID4165,Sports,2026-01-11,Missing Parts,Low,41,1,Fail,No,Automated
QC10478,WH-101,PID5283,Beauty,2025-11-08,Wrong Item,Low,196,3,Fail,No,Automated
QC10479,WH-203,PID5356,Electronics,2026-02-16,Missing Parts,Low,165,0,Pass,No,Senior
QC10480,WH-101,PID1373,Clothing,2025-11-24,Cosmetic Defect,High,55,5,Fail,Yes,Automated
QC10481,WH-101,PID6687,Sports,2026-02-25,Cosmetic Defect,Low,46,1,Fail,No,Senior
QC10482,WH-305,PID1428,Electronics,2025-10-15,Label Error,Medium,97,9,Fail,No,Junior
QC10483,WH-101,PID2004,Beauty,2025-10-02,Wrong Item,Low,65,1,Fail,No,Senior
QC10484,WH-305,PID2855,Home,2025-09-05,Missing Parts,Medium,23,5,Fail,No,Junior
QC10485,WH-305,PID3263,Clothing,2025-12-16,Barcode Issue,High,190,19,Fail,Yes,Automated
QC10486,WH-203,PID7444,Home,2026-01-04,Wrong Item,Medium,183,5,Fail,No,Automated
QC10487,WH-203,PID3038,Electronics,2025-12-25,Functional Failure,Low,25,2,Fail,No,Junior
QC10488,WH-305,PID8153,Sports,2025-11-24,Barcode Issue,Low,171,0,Pass,No,Automated
QC10489,WH-512,PID3088,Beauty,2025-12-19,Label Error,Low,73,0,Pass,No,Senior
QC10490,WH-203,PID7822,Clothing,2026-02-18,Barcode Issue,Low,148,2,Fail,No,Junior
QC10491,WH-410,PID6451,Sports,2025-12-31,Wrong Item,Medium,107,9,Fail,No,Junior
QC10492,WH-410,PID6898,Electronics,2026-02-27,Missing Parts,High,13,8,Fail,Yes,Automated
QC10493,WH-101,PID5764,Clothing,2025-09-30,Cosmetic Defect,Low,73,3,Fail,No,Automated
QC10494,WH-203,PID6849,Home,2025-11-27,Missing Parts,Medium,120,7,Fail,No,Junior
QC10495,WH-101,PID3373,Sports,2025-09-25,Wrong Item,Medium,92,8,Fail,No,Senior
QC10496,WH-410,PID2010,Electronics,2025-11-23,Functional Failure,Low,74,2,Fail,No,Senior
QC10497,WH-410,PID8863,Beauty,2026-01-28,Wrong Item,Low,119,2,Fail,No,Senior
QC10498,WH-101,PID3811,Beauty,2025-10-19,Cosmetic Defect,Low,90,0,Pass,No,Automated
QC10499,WH-101,PID1604,Electronics,2026-02-11,Packaging Damage,Low,135,2,Fail,No,Automated
QC10500,WH-101,PID5611,Home,2025-11-21,Label Error,Medium,37,7,Fail,No,Junior
QC10501,WH-512,PID7640,Clothing,2026-01-19,Barcode Issue,Low,143,1,Fail,No,Senior
QC10502,WH-101,PID5323,Home,2026-02-07,Missing Parts,Low,14,1,Fail,No,Senior
QC10503,WH-410,PID9738,Sports,2025-11-03,Barcode Issue,Low,112,2,Fail,No,Senior
QC10504,WH-203,PID8934,Sports,2025-10-28,Barcode Issue,Medium,29,9,Fail,No,Automated
QC10505,WH-512,PID5365,Sports,2025-10-24,Cosmetic Defect,Low,200,2,Fail,No,Junior
QC10506,WH-512,PID3348,Clothing,2025-09-27,Wrong Item,Low,105,1,Fail,No,Automated
QC10507,WH-305,PID3060,Home,2025-09-22,Functional Failure,Low,86,3,Fail,No,Junior
QC10508,WH-101,PID1399,Electronics,2025-09-04,Barcode Issue,Low,37,0,Pass,No,Junior
QC10509,WH-512,PID2543,Beauty,2025-10-13,Missing Parts,Low,136,1,Fail,No,Automated
QC10510,WH-101,PID3555,Electronics,2025-12-27,Barcode Issue,High,23,21,Fail,Yes,Senior
QC10511,WH-203,PID4079,Electronics,2025-11-21,Packaging Damage,Low,171,2,Fail,No,Automated
QC10512,WH-203,PID1614,Home,2025-09-21,Wrong Item,Low,113,0,Pass,No,Junior
QC10513,WH-305,PID6522,Beauty,2025-11-15,Packaging Damage,High,124,19,Fail,Yes,Junior
QC10514,WH-305,PID1892,Beauty,2025-11-10,Barcode Issue,Low,59,0,Pass,No,Automated
QC10515,WH-101,PID3763,Home,2025-10-19,Wrong Item,Medium,199,2,Fail,No,Automated
QC10516,WH-305,PID5775,Home,2025-12-15,Functional Failure,Medium,166,4,Fail,No,Senior
QC10517,WH-512,PID6219,Beauty,2026-02-28,Functional Failure,Low,106,2,Fail,No,Senior
QC10518,WH-305,PID7125,Clothing,2026-02-20,Functional Failure,Medium,179,9,Fail,No,Senior
QC10519,WH-512,PID9894,Clothing,2025-11-28,Packaging Damage,High,18,16,Fail,Yes,Junior
QC10520,WH-203,PID1333,Sports,2025-11-25,Functional Failure,Low,97,3,Fail,No,Senior
QC10521,WH-101,PID8659,Clothing,2025-10-29,Label Error,Low,126,3,Fail,No,Automated
QC10522,WH-203,PID2508,Home,2026-02-19,Packaging Damage,High,13,8,Fail,Yes,Senior
QC10523,WH-101,PID2992,Beauty,2026-01-20,Cosmetic Defect,Low,178,0,Pass,No,Automated
QC10524,WH-203,PID2663,Sports,2026-02-20,Label Error,Medium,71,4,Fail,No,Automated
QC10525,WH-203,PID6716,Home,2025-09-12,Missing Parts,Low,36,0,Pass,No,Senior
QC10526,WH-305,PID6918,Beauty,2025-10-18,Label Error,Medium,186,5,Fail,No,Automated
QC10527,WH-305,PID5364,Clothing,2026-01-10,Packaging Damage,Low,153,2,Fail,No,Automated
QC10528,WH-203,PID8285,Sports,2025-11-19,Missing Parts,Low,162,3,Fail,No,Automated
QC10529,WH-101,PID4846,Sports,2025-11-29,Wrong Item,Low,188,0,Pass,No,Senior
QC10530,WH-101,PID7841,Beauty,2025-11-15,Cosmetic Defect,High,118,24,Fail,Yes,Junior
QC10531,WH-410,PID6068,Clothing,2026-02-15,Wrong Item,Medium,40,6,Fail,No,Junior
QC10532,WH-410,PID9787,Electronics,2026-01-31,Functional Failure,Low,198,1,Fail,No,Automated
QC10533,WH-410,PID6144,Home,2025-10-02,Functional Failure,Low,102,0,Pass,No,Automated
QC10534,WH-512,PID3681,Electronics,2025-12-30,Label Error,Low,50,2,Fail,No,Automated
QC10535,WH-512,PID9666,Electronics,2025-12-31,Label Error,Medium,199,7,Fail,No,Senior
QC10536,WH-512,PID9284,Home,2025-12-01,Packaging Damage,Low,128,1,Fail,No,Automated
QC10537,WH-203,PID7878,Beauty,2025-09-21,Wrong Item,Medium,19,9,Fail,No,Junior
QC10538,WH-512,PID4574,Beauty,2025-10-12,Missing Parts,Low,71,0,Pass,No,Senior
QC10539,WH-101,PID6924,Electronics,2025-09-22,Packaging Damage,Low,142,2,Fail,No,Junior
QC10540,WH-305,PID4651,Electronics,2025-11-03,Missing Parts,Low,93,2,Fail,No,Junior
QC10541,WH-512,PID3094,Sports,2026-01-30,Packaging Damage,Low,116,2,Fail,No,Junior
QC10542,WH-101,PID1000,Beauty,2025-12-15,Cosmetic Defect,Medium,70,5,Fail,No,Junior
QC10543,WH-101,PID5627,Sports,2025-11-04,Functional Failure,High,18,13,Fail,Yes,Automated
QC10544,WH-101,PID1593,Beauty,2026-03-01,Label Error,Low,151,0,Pass,No,Senior
QC10545,WH-410,PID3802,Electronics,2025-09-02,Packaging Damage,Low,30,2,Fail,No,Junior
QC10546,WH-512,PID5636,Beauty,2025-09-14,Missing Parts,Low,127,0,Pass,No,Junior
QC10547,WH-305,PID1315,Electronics,2026-01-05,Label Error,Low,159,1,Fail,No,Automated
QC10548,WH-410,PID5957,Clothing,2025-09-14,Cosmetic Defect,Medium,59,9,Fail,No,Junior
QC10549,WH-305,PID4721,Sports,2025-09-23,Functional Failure,Low,133,2,Fail,No,Junior
QC10550,WH-512,PID5057,Beauty,2026-01-26,Label Error,Low,116,2,Fail,No,Senior
QC10551,WH-512,PID2152,Beauty,2026-01-31,Missing Parts,High,16,15,Fail,Yes,Automated
QC10552,WH-101,PID8687,Sports,2025-11-24,Packaging Damage,Low,178,0,Pass,No,Senior
QC10553,WH-101,PID2329,Sports,2026-02-20,Barcode Issue,Medium,96,7,Fail,No,Senior
QC10554,WH-101,PID7667,Sports,2025-12-09,Wrong Item,Medium,90,9,Fail,No,Senior
QC10555,WH-101,PID4590,Sports,2026-01-13,Wrong Item,Low,53,0,Pass,No,Automated
QC10556,WH-512,PID5550,Beauty,2025-12-15,Functional Failure,Low,82,0,Pass,No,Senior
QC10557,WH-203,PID8994,Electronics,2026-01-14,Packaging Damage,Low,106,0,Pass,No,Junior
QC10558,WH-203,PID9994,Electronics,2025-12-12,Missing Parts,Medium,190,9,Fail,No,Junior
QC10559,WH-410,PID8831,Beauty,2025-11-30,Cosmetic Defect,Low,21,0,Pass,No,Senior
QC10560,WH-512,PID2195,Electronics,2026-01-28,Barcode Issue,Medium,127,5,Fail,No,Senior
QC10561,WH-512,PID3938,Beauty,2025-12-25,Packaging Damage,Low,70,1,Fail,No,Junior
QC10562,WH-203,PID2479,Sports,2026-02-26,Cosmetic Defect,Low,44,0,Pass,No,Junior
QC10563,WH-410,PID9306,Beauty,2025-09-10,Wrong Item,High,23,17,Fail,Yes,Senior
QC10564,WH-410,PID5766,Sports,2026-02-18,Barcode Issue,Low,92,3,Fail,No,Automated
QC10565,WH-203,PID8449,Electronics,2025-09-25,Packaging Damage,Low,40,3,Fail,No,Junior
QC10566,WH-512,PID3605,Electronics,2026-01-02,Wrong Item,Low,112,1,Fail,No,Junior
QC10567,WH-512,PID3424,Electronics,2025-10-08,Barcode Issue,Low,149,3,Fail,No,Automated
QC10568,WH-512,PID1204,Electronics,2025-12-03,Cosmetic Defect,Medium,146,7,Fail,No,Senior
QC10569,WH-512,PID5786,Sports,2026-01-27,Functional Failure,Low,90,2,Fail,No,Senior
QC10570,WH-101,PID9954,Home,2025-11-12,Missing Parts,Medium,190,8,Fail,No,Junior
QC10571,WH-203,PID8881,Clothing,2026-02-28,Wrong Item,Low,198,3,Fail,No,Senior
QC10572,WH-101,PID9975,Home,2025-09-09,Packaging Damage,Low,165,0,Pass,No,Automated
QC10573,WH-305,PID6849,Clothing,2025-10-19,Packaging Damage,High,137,6,Fail,Yes,Senior
QC10574,WH-305,PID3258,Clothing,2025-11-07,Functional Failure,Low,120,3,Fail,No,Senior
QC10575,WH-410,PID4716,Beauty,2025-11-23,Functional Failure,Medium,32,3,Fail,No,Junior
QC10576,WH-512,PID5490,Home,2025-09-11,Cosmetic Defect,Low,33,1,Fail,No,Junior
QC10577,WH-101,PID7927,Sports,2025-12-17,Wrong Item,Low,146,0,Pass,No,Senior
QC10578,WH-203,PID7894,Sports,2026-02-20,Missing Parts,Medium,63,5,Fail,No,Automated
QC10579,WH-512,PID5502,Sports,2025-10-27,Barcode Issue,Medium,135,10,Fail,No,Automated
QC10580,WH-101,PID8085,Sports,2026-01-08,Missing Parts,Medium,25,6,Fail,No,Automated
QC10581,WH-512,PID3285,Electronics,2025-10-12,Barcode Issue,Medium,172,8,Fail,No,Automated
QC10582,WH-203,PID9646,Home,2026-02-15,Functional Failure,Low,79,2,Fail,No,Junior
QC10583,WH-512,PID2973,Home,2025-11-04,Packaging Damage,Low,71,0,Pass,No,Junior
QC10584,WH-101,PID1672,Sports,2025-10-21,Cosmetic Defect,Low,63,3,Fail,No,Junior
QC10585,WH-305,PID3517,Clothing,2025-10-28,Label Error,Low,143,3,Fail,No,Automated
QC10586,WH-512,PID4749,Beauty,2026-01-27,Functional Failure,Low,107,0,Pass,No,Junior
QC10587,WH-305,PID3262,Beauty,2025-12-10,Functional Failure,High,26,9,Fail,Yes,Senior
QC10588,WH-410,PID4698,Home,2026-01-23,Wrong Item,Low,110,3,Fail,No,Junior
QC10589,WH-203,PID3780,Clothing,2026-01-24,Label Error,Medium,28,9,Fail,No,Automated
QC10590,WH-512,PID2868,Electronics,2025-10-02,Wrong Item,Low,67,0,Pass,No,Junior
QC10591,WH-203,PID2754,Clothing,2026-02-10,Functional Failure,Low,53,0,Pass,No,Senior
QC10592,WH-101,PID3098,Electronics,2025-09-28,Label Error,Low,151,3,Fail,No,Senior
QC10593,WH-305,PID5426,Home,2026-01-12,Functional Failure,Low,73,3,Fail,No,Senior
QC10594,WH-512,PID7610,Electronics,2025-12-25,Label Error,Medium,33,10,Fail,No,Senior
QC10595,WH-305,PID7681,Sports,2025-11-15,Label Error,Low,137,3,Fail,No,Automated
QC10596,WH-512,PID8014,Beauty,2025-10-21,Packaging Damage,Low,199,0,Pass,No,Senior
QC10597,WH-305,PID8365,Sports,2025-11-27,Cosmetic Defect,Low,68,3,Fail,No,Automated
QC10598,WH-305,PID7306,Sports,2025-12-24,Packaging Damage,Low,196,1,Fail,No,Junior
QC10599,WH-305,PID2815,Electronics,2025-12-20,Missing Parts,Medium,98,6,Fail,No,Senior
QC10600,WH-512,PID8327,Beauty,2025-11-17,Barcode Issue,Low,139,0,Pass,No,Automated
QC10601,WH-512,PID2644,Beauty,2025-12-29,Label Error,Low,50,0,Pass,No,Automated
QC10602,WH-101,PID9323,Sports,2025-10-09,Cosmetic Defect,Low,112,0,Pass,No,Junior
QC10603,WH-203,PID6257,Clothing,2025-09-14,Missing Parts,High,138,18,Fail,Yes,Senior
QC10604,WH-203,PID2692,Clothing,2025-11-12,Label Error,Low,29,1,Fail,No,Senior
QC10605,WH-410,PID7767,Home,2026-02-06,Functional Failure,Medium,141,8,Fail,No,Junior
QC10606,WH-101,PID3568,Beauty,2025-09-27,Functional Failure,Low,200,1,Fail,No,Automated
QC10607,WH-101,PID3988,Home,2025-12-03,Functional Failure,Low,182,0,Pass,No,Automated
QC10608,WH-203,PID8758,Electronics,2026-01-08,Functional Failure,High,28,11,Fail,Yes,Senior
QC10609,WH-203,PID6961,Clothing,2025-10-18,Wrong Item,Low,59,1,Fail,No,Junior
QC10610,WH-410,PID8978,Clothing,2025-12-05,Missing Parts,Low,199,1,Fail,No,Junior
QC10611,WH-410,PID8504,Sports,2025-11-21,Packaging Damage,Low,145,0,Pass,No,Automated
QC10612,WH-305,PID7410,Beauty,2025-10-17,Missing Parts,Low,67,3,Fail,No,Senior
QC10613,WH-203,PID4907,Electronics,2025-10-10,Missing Parts,Low,128,0,Pass,No,Senior
QC10614,WH-410,PID2821,Electronics,2025-12-01,Label Error,Low,24,0,Pass,No,Automated
QC10615,WH-203,PID5841,Beauty,2025-11-06,Label Error,Low,84,3,Fail,No,Junior
QC10616,WH-203,PID4886,Sports,2025-10-04,Cosmetic Defect,Low,137,3,Fail,No,Junior
QC10617,WH-410,PID4440,Beauty,2025-09-23,Functional Failure,Medium,80,7,Fail,No,Senior
QC10618,WH-101,PID7624,Clothing,2026-01-04,Cosmetic Defect,Low,132,2,Fail,No,Junior
QC10619,WH-410,PID9078,Beauty,2025-11-17,Barcode Issue,Low,125,2,Fail,No,Automated
QC10620,WH-305,PID3543,Electronics,2025-10-25,Packaging Damage,Low,179,1,Fail,No,Senior
QC10621,WH-410,PID2361,Home,2025-12-10,Wrong Item,Medium,166,7,Fail,No,Junior
QC10622,WH-305,PID7771,Electronics,2026-01-07,Barcode Issue,Low,165,1,Fail,No,Junior
QC10623,WH-101,PID6161,Electronics,2025-12-14,Missing Parts,Low,182,3,Fail,No,Junior
QC10624,WH-101,PID4567,Clothing,2025-11-30,Packaging Damage,Low,98,0,Pass,No,Junior
QC10625,WH-512,PID1837,Home,2026-01-29,Barcode Issue,Low,113,3,Fail,No,Automated
QC10626,WH-305,PID9652,Beauty,2025-11-13,Packaging Damage,Low,41,0,Pass,No,Junior
QC10627,WH-305,PID9093,Home,2026-02-06,Missing Parts,High,58,13,Fail,Yes,Senior
QC10628,WH-410,PID5749,Beauty,2025-11-12,Barcode Issue,Low,190,0,Pass,No,Automated
QC10629,WH-410,PID3105,Electronics,2025-10-25,Missing Parts,Low,108,2,Fail,No,Senior
QC10630,WH-410,PID5073,Home,2025-12-05,Cosmetic Defect,Low,130,2,Fail,No,Junior
QC10631,WH-512,PID3994,Clothing,2025-11-27,Functional Failure,Medium,165,8,Fail,No,Junior
QC10632,WH-410,PID4387,Home,2026-02-05,Label Error,Low,68,3,Fail,No,Senior
QC10633,WH-101,PID5033,Electronics,2026-02-28,Packaging Damage,Medium,144,5,Fail,No,Senior
QC10634,WH-203,PID9906,Beauty,2025-09-17,Functional Failure,Low,62,1,Fail,No,Automated
QC10635,WH-101,PID2428,Sports,2026-01-27,Packaging Damage,Low,62,3,Fail,No,Senior
QC10636,WH-101,PID6306,Clothing,2026-01-11,Packaging Damage,Low,176,2,Fail,No,Senior
QC10637,WH-410,PID4872,Clothing,2025-09-14,Wrong Item,Low,111,2,Fail,No,Automated
QC10638,WH-203,PID4495,Electronics,2026-01-04,Wrong Item,Medium,91,3,Fail,No,Senior
QC10639,WH-410,PID2046,Home,2026-02-24,Barcode Issue,Medium,158,7,Fail,No,Automated
QC10640,WH-305,PID4575,Home,2025-12-15,Label Error,Low,37,2,Fail,No,Automated
QC10641,WH-512,PID4653,Sports,2025-10-22,Label Error,Medium,127,6,Fail,No,Senior
QC10642,WH-410,PID1603,Home,2025-12-25,Cosmetic Defect,Low,172,0,Pass,No,Junior
QC10643,WH-203,PID8775,Clothing,2026-02-26,Functional Failure,Medium,106,7,Fail,No,Automated
QC10644,WH-305,PID6736,Beauty,2025-09-07,Packaging Damage,Low,183,0,Pass,No,Senior
QC10645,WH-512,PID6204,Beauty,2026-01-02,Wrong Item,Low,95,0,Pass,No,Senior
QC10646,WH-101,PID5507,Sports,2025-10-09,Cosmetic Defect,Low,186,2,Fail,No,Senior
QC10647,WH-101,PID4378,Beauty,2025-09-15,Missing Parts,Medium,85,5,Fail,No,Senior
QC10648,WH-512,PID4116,Clothing,2026-01-12,Cosmetic Defect,Low,12,1,Fail,No,Senior
QC10649,WH-410,PID6873,Home,2025-12-29,Barcode Issue,Medium,130,8,Fail,No,Junior
QC10650,WH-305,PID7427,Clothing,2026-01-15,Barcode Issue,Medium,199,6,Fail,No,Automated
QC10651,WH-101,PID8806,Clothing,2025-10-05,Barcode Issue,Medium,79,10,Fail,No,Senior
QC10652,WH-101,PID1136,Home,2025-12-28,Cosmetic Defect,High,143,23,Fail,Yes,Automated
QC10653,WH-203,PID6517,Sports,2025-11-27,Packaging Damage,Medium,189,6,Fail,No,Senior
QC10654,WH-305,PID6791,Home,2025-12-28,Label Error,Low,18,3,Fail,No,Senior
QC10655,WH-101,PID3339,Electronics,2025-09-21,Barcode Issue,Low,195,1,Fail,No,Senior
QC10656,WH-101,PID4507,Sports,2026-02-25,Wrong Item,Low,196,1,Fail,No,Senior
QC10657,WH-512,PID8216,Beauty,2026-01-12,Missing Parts,Medium,193,10,Fail,No,Automated
QC10658,WH-101,PID5970,Electronics,2025-11-01,Packaging Damage,Low,42,2,Fail,No,Junior
QC10659,WH-410,PID9780,Clothing,2025-09-03,Functional Failure,Low,183,1,Fail,No,Senior
QC10660,WH-512,PID8845,Sports,2026-01-03,Wrong Item,Low,107,2,Fail,No,Junior
QC10661,WH-410,PID1972,Electronics,2025-10-02,Missing Parts,Low,112,3,Fail,No,Junior
QC10662,WH-410,PID7550,Beauty,2025-12-05,Barcode Issue,Low,56,1,Fail,No,Junior
QC10663,WH-305,PID1813,Clothing,2026-02-28,Packaging Damage,Low,148,1,Fail,No,Senior
QC10664,WH-305,PID7038,Clothing,2025-10-21,Functional Failure,Low,16,2,Fail,No,Automated
QC10665,WH-512,PID6720,Home,2025-12-21,Packaging Damage,Low,184,1,Fail,No,Junior
QC10666,WH-512,PID8022,Beauty,2025-10-02,Cosmetic Defect,High,191,16,Fail,Yes,Senior
QC10667,WH-101,PID2074,Sports,2025-10-20,Functional Failure,Low,103,3,Fail,No,Junior
QC10668,WH-305,PID8428,Electronics,2025-12-17,Barcode Issue,Medium,111,8,Fail,No,Automated
QC10669,WH-305,PID2013,Clothing,2025-10-06,Barcode Issue,Medium,160,5,Fail,No,Senior
QC10670,WH-512,PID2524,Clothing,2026-01-15,Label Error,Low,93,1,Fail,No,Automated
QC10671,WH-512,PID9521,Clothing,2025-11-30,Barcode Issue,Low,184,1,Fail,No,Junior
QC10672,WH-305,PID3829,Clothing,2025-12-27,Cosmetic Defect,Low,94,1,Fail,No,Junior
QC10673,WH-203,PID6956,Clothing,2026-01-19,Wrong Item,Medium,131,2,Fail,No,Junior
QC10674,WH-410,PID8294,Home,2025-11-08,Missing Parts,Low,193,2,Fail,No,Junior
QC10675,WH-305,PID7607,Electronics,2025-10-04,Missing Parts,Low,25,3,Fail,No,Automated
QC10676,WH-305,PID6992,Home,2025-12-17,Functional Failure,Low,154,3,Fail,No,Junior
QC10677,WH-101,PID9698,Electronics,2025-11-01,Wrong Item,Low,118,3,Fail,No,Automated
QC10678,WH-305,PID3362,Home,2025-09-05,Label Error,Medium,118,3,Fail,No,Senior
QC10679,WH-101,PID9219,Sports,2025-10-30,Label Error,Low,117,2,Fail,No,Junior
QC10680,WH-101,PID8013,Sports,2026-02-25,Wrong Item,Medium,73,5,Fail,No,Senior
QC10681,WH-512,PID8648,Electronics,2025-11-17,Label Error,Low,153,0,Pass,No,Automated
QC10682,WH-305,PID5057,Sports,2025-11-14,Barcode Issue,Low,28,3,Fail,No,Senior
QC10683,WH-410,PID8092,Sports,2025-11-18,Barcode Issue,Medium,170,6,Fail,No,Senior
QC10684,WH-203,PID8802,Sports,2025-09-07,Label Error,High,119,7,Fail,Yes,Automated
QC10685,WH-410,PID8529,Sports,2025-09-11,Functional Failure,Low,110,0,Pass,No,Automated
QC10686,WH-101,PID3512,Clothing,2025-12-11,Packaging Damage,Medium,200,7,Fail,No,Automated
QC10687,WH-305,PID6129,Sports,2025-10-21,Barcode Issue,Medium,33,9,Fail,No,Senior
QC10688,WH-305,PID9555,Sports,2025-09-16,Cosmetic Defect,Low,20,1,Fail,No,Senior
QC10689,WH-101,PID6107,Sports,2025-09-29,Cosmetic Defect,Medium,37,6,Fail,No,Senior
QC10690,WH-305,PID7617,Clothing,2025-11-26,Missing Parts,Medium,118,3,Fail,No,Senior
QC10691,WH-203,PID7266,Clothing,2025-11-02,Cosmetic Defect,Low,147,3,Fail,No,Automated
QC10692,WH-203,PID7728,Home,2026-02-05,Packaging Damage,Low,36,1,Fail,No,Automated
QC10693,WH-410,PID1890,Sports,2026-01-13,Missing Parts,Low,103,3,Fail,No,Automated
QC10694,WH-512,PID4973,Beauty,2026-01-12,Packaging Damage,Low,171,0,Pass,No,Junior
QC10695,WH-305,PID1648,Clothing,2025-09-11,Barcode Issue,Medium,45,8,Fail,No,Automated
QC10696,WH-305,PID9878,Sports,2026-01-30,Cosmetic Defect,Medium,91,5,Fail,No,Junior
QC10697,WH-203,PID5832,Electronics,2025-10-10,Barcode Issue,Low,55,2,Fail,No,Senior
QC10698,WH-305,PID8443,Sports,2026-02-05,Packaging Damage,Medium,34,2,Fail,No,Junior
QC10699,WH-203,PID3594,Sports,2025-12-19,Label Error,Low,191,2,Fail,No,Senior
QC10700,WH-305,PID3811,Electronics,2025-11-10,Cosmetic Defect,Low,88,1,Fail,No,Automated
QC10701,WH-305,PID5297,Electronics,2025-12-02,Cosmetic Defect,Medium,129,6,Fail,No,Junior
QC10702,WH-305,PID1285,Electronics,2025-11-30,Functional Failure,Low,27,1,Fail,No,Automated
QC10703,WH-101,PID1092,Sports,2025-11-05,Barcode Issue,Low,82,3,Fail,No,Junior
QC10704,WH-101,PID4079,Clothing,2025-10-29,Wrong Item,Low,117,1,Fail,No,Automated
QC10705,WH-305,PID2105,Beauty,2026-02-18,Missing Parts,Low,62,0,Pass,No,Automated
QC10706,WH-305,PID8728,Electronics,2025-10-23,Missing Parts,Low,47,3,Fail,No,Junior
QC10707,WH-101,PID4557,Beauty,2026-01-25,Missing Parts,Low,175,1,Fail,No,Senior
QC10708,WH-101,PID7259,Electronics,2026-01-04,Barcode Issue,Low,150,2,Fail,No,Automated
QC10709,WH-203,PID2666,Beauty,2026-01-20,Packaging Damage,Low,136,3,Fail,No,Junior
QC10710,WH-512,PID2314,Home,2025-12-07,Cosmetic Defect,Low,56,3,Fail,No,Senior
QC10711,WH-101,PID4055,Home,2025-09-20,Missing Parts,High,61,15,Fail,Yes,Automated
QC10712,WH-203,PID1556,Sports,2025-09-08,Wrong Item,Medium,177,4,Fail,No,Automated
QC10713,WH-512,PID1022,Home,2026-02-13,Label Error,Low,132,0,Pass,No,Junior
QC10714,WH-101,PID7771,Beauty,2026-02-15,Wrong Item,High,128,8,Fail,Yes,Automated
QC10715,WH-101,PID2911,Home,2025-11-12,Label Error,Low,124,0,Pass,No,Junior
QC10716,WH-203,PID1575,Electronics,2025-09-02,Missing Parts,Low,182,1,Fail,No,Automated
QC10717,WH-512,PID1244,Electronics,2025-09-02,Cosmetic Defect,Medium,196,2,Fail,No,Junior
QC10718,WH-101,PID8325,Clothing,2025-12-31,Functional Failure,Low,102,0,Pass,No,Junior
QC10719,WH-305,PID4846,Home,2025-12-29,Cosmetic Defect,High,154,14,Fail,Yes,Automated
QC10720,WH-512,PID3530,Clothing,2026-01-04,Missing Parts,Low,87,0,Pass,No,Senior
QC10721,WH-203,PID8797,Sports,2025-11-10,Barcode Issue,Low,158,2,Fail,No,Automated
QC10722,WH-101,PID5521,Clothing,2026-01-18,Label Error,Low,25,2,Fail,No,Automated
QC10723,WH-512,PID7296,Clothing,2025-09-23,Barcode Issue,Low,149,3,Fail,No,Senior
QC10724,WH-410,PID6929,Beauty,2026-02-20,Functional Failure,High,126,6,Fail,Yes,Senior
QC10725,WH-410,PID1193,Home,2026-01-28,Missing Parts,Low,177,1,Fail,No,Automated
QC10726,WH-305,PID3382,Home,2025-09-02,Missing Parts,Medium,48,9,Fail,No,Junior
QC10727,WH-410,PID6805,Clothing,2026-01-28,Label Error,Low,143,2,Fail,No,Automated
QC10728,WH-410,PID9629,Beauty,2025-11-18,Missing Parts,Low,100,2,Fail,No,Automated
QC10729,WH-410,PID1515,Home,2026-02-21,Functional Failure,Low,107,3,Fail,No,Senior
QC10730,WH-305,PID2778,Home,2026-02-14,Wrong Item,Low,77,3,Fail,No,Senior
QC10731,WH-203,PID6293,Electronics,2025-12-28,Wrong Item,High,131,15,Fail,Yes,Automated
QC10732,WH-101,PID8552,Beauty,2026-02-23,Packaging Damage,Medium,85,6,Fail,No,Automated
QC10733,WH-410,PID2800,Beauty,2026-01-31,Cosmetic Defect,Low,104,0,Pass,No,Junior
QC10734,WH-101,PID5063,Home,2025-10-29,Packaging Damage,Low,192,3,Fail,No,Junior
QC10735,WH-410,PID2489,Beauty,2026-01-09,Barcode Issue,Low,118,1,Fail,No,Junior
QC10736,WH-512,PID4980,Home,2026-01-26,Missing Parts,Low,83,3,Fail,No,Senior
QC10737,WH-305,PID7064,Electronics,2026-01-14,Cosmetic Defect,Low,175,3,Fail,No,Senior
QC10738,WH-410,PID4478,Sports,2025-11-20,Barcode Issue,Low,103,2,Fail,No,Automated
QC10739,WH-305,PID8209,Clothing,2025-10-04,Missing Parts,Low,134,2,Fail,No,Automated
QC10740,WH-203,PID7283,Sports,2025-09-18,Barcode Issue,Low,196,1,Fail,No,Junior
QC10741,WH-512,PID1442,Sports,2026-01-03,Functional Failure,Low,159,3,Fail,No,Senior
QC10742,WH-305,PID2301,Home,2026-02-06,Barcode Issue,Low,35,2,Fail,No,Junior
QC10743,WH-305,PID6513,Clothing,2026-02-20,Barcode Issue,Low,150,3,Fail,No,Junior
QC10744,WH-410,PID9022,Electronics,2025-09-08,Label Error,Low,59,1,Fail,No,Senior
QC10745,WH-512,PID2918,Sports,2026-02-08,Wrong Item,High,45,25,Fail,Yes,Automated
QC10746,WH-512,PID3243,Electronics,2025-09-23,Cosmetic Defect,Low,133,2,Fail,No,Junior
QC10747,WH-512,PID7093,Electronics,2025-11-17,Cosmetic Defect,Low,27,0,Pass,No,Junior
QC10748,WH-512,PID7685,Home,2025-10-21,Functional Failure,Low,195,2,Fail,No,Junior
QC10749,WH-101,PID2865,Sports,2025-12-05,Cosmetic Defect,Low,18,3,Fail,No,Automated
QC10750,WH-203,PID5521,Beauty,2026-02-12,Barcode Issue,Medium,86,3,Fail,No,Automated
QC10751,WH-101,PID3956,Home,2025-12-10,Cosmetic Defect,Low,97,2,Fail,No,Automated
QC10752,WH-410,PID8716,Sports,2026-01-04,Packaging Damage,Low,10,1,Fail,No,Automated
QC10753,WH-101,PID4133,Electronics,2026-01-15,Cosmetic Defect,Medium,99,6,Fail,No,Senior
QC10754,WH-203,PID4135,Beauty,2026-02-15,Cosmetic Defect,Low,42,1,Fail,No,Automated
QC10755,WH-305,PID9806,Home,2025-12-17,Label Error,High,90,15,Fail,Yes,Senior
QC10756,WH-305,PID2720,Beauty,2026-01-06,Label Error,High,39,19,Fail,Yes,Junior
QC10757,WH-512,PID5578,Beauty,2025-11-20,Packaging Damage,Low,174,3,Fail,No,Junior
QC10758,WH-101,PID7920,Electronics,2025-12-02,Label Error,Low,185,1,Fail,No,Automated
QC10759,WH-101,PID6797,Sports,2026-02-15,Missing Parts,Medium,152,8,Fail,No,Junior
QC10760,WH-512,PID1948,Electronics,2026-01-19,Wrong Item,Low,31,3,Fail,No,Automated
QC10761,WH-512,PID2517,Clothing,2025-09-21,Functional Failure,Low,142,0,Pass,No,Senior
QC10762,WH-410,PID6548,Home,2025-11-23,Packaging Damage,High,114,16,Fail,Yes,Automated
QC10763,WH-203,PID3239,Clothing,2026-02-20,Label Error,Low,23,3,Fail,No,Automated
QC10764,WH-512,PID6429,Beauty,2025-10-05,Cosmetic Defect,Low,39,2,Fail,No,Senior
QC10765,WH-203,PID2139,Beauty,2025-10-20,Barcode Issue,Low,70,0,Pass,No,Automated
QC10766,WH-512,PID9146,Sports,2025-10-04,Missing Parts,Low,168,2,Fail,No,Automated
QC10767,WH-203,PID5807,Sports,2025-10-28,Packaging Damage,Low,129,2,Fail,No,Junior
QC10768,WH-305,PID6629,Beauty,2026-01-18,Packaging Damage,Medium,155,7,Fail,No,Junior
QC10769,WH-410,PID2207,Electronics,2026-01-08,Cosmetic Defect,Low,152,0,Pass,No,Junior
QC10770,WH-410,PID2464,Clothing,2025-11-29,Wrong Item,High,61,9,Fail,Yes,Senior
QC10771,WH-410,PID7179,Clothing,2025-10-11,Missing Parts,Medium,111,9,Fail,No,Automated
QC10772,WH-305,PID6527,Home,2025-12-31,Label Error,Low,19,1,Fail,No,Automated
QC10773,WH-203,PID7089,Clothing,2025-10-27,Missing Parts,Medium,145,4,Fail,No,Automated
QC10774,WH-410,PID9669,Sports,2025-10-22,Wrong Item,Low,71,2,Fail,No,Senior
QC10775,WH-305,PID5266,Home,2026-01-18,Packaging Damage,Medium,76,8,Fail,No,Automated
QC10776,WH-410,PID4705,Home,2025-09-26,Wrong Item,Low,128,2,Fail,No,Junior
QC10777,WH-203,PID9181,Beauty,2025-09-05,Missing Parts,Medium,87,10,Fail,No,Senior
QC10778,WH-512,PID6197,Sports,2025-12-17,Missing Parts,Low,173,1,Fail,No,Automated
QC10779,WH-101,PID2893,Sports,2025-10-24,Cosmetic Defect,High,154,11,Fail,Yes,Automated
QC10780,WH-410,PID9883,Home,2025-09-25,Missing Parts,Medium,12,4,Fail,No,Junior
QC10781,WH-101,PID8872,Electronics,2026-02-28,Cosmetic Defect,Low,99,3,Fail,No,Automated
QC10782,WH-512,PID7787,Beauty,2025-12-05,Label Error,Medium,41,2,Fail,No,Automated
QC10783,WH-512,PID9420,Beauty,2026-01-14,Wrong Item,Low,164,0,Pass,No,Automated
QC10784,WH-101,PID4806,Home,2025-12-10,Wrong Item,Low,70,3,Fail,No,Senior
QC10785,WH-512,PID4904,Home,2025-10-24,Functional Failure,Medium,24,8,Fail,No,Automated
QC10786,WH-203,PID9556,Sports,2026-01-01,Wrong Item,Low,108,2,Fail,No,Junior
QC10787,WH-101,PID7341,Beauty,2026-02-11,Cosmetic Defect,Low,163,2,Fail,No,Automated
QC10788,WH-512,PID2404,Electronics,2025-11-06,Cosmetic Defect,Low,68,1,Fail,No,Senior
QC10789,WH-512,PID6930,Clothing,2025-11-06,Cosmetic Defect,Low,159,0,Pass,No,Senior
QC10790,WH-305,PID1208,Home,2026-02-13,Missing Parts,Low,39,1,Fail,No,Senior
QC10791,WH-203,PID5263,Beauty,2026-02-01,Packaging Damage,High,131,13,Fail,Yes,Automated
QC10792,WH-203,PID3014,Beauty,2026-01-10,Barcode Issue,Medium,141,5,Fail,No,Junior
QC10793,WH-203,PID1174,Clothing,2025-09-06,Cosmetic Defect,Low,164,2,Fail,No,Automated
QC10794,WH-512,PID7808,Sports,2025-12-25,Packaging Damage,Low,61,3,Fail,No,Junior
QC10795,WH-512,PID1357,Beauty,2025-10-10,Wrong Item,Medium,72,4,Fail,No,Junior
QC10796,WH-305,PID8662,Electronics,2026-01-20,Label Error,Medium,72,4,Fail,No,Junior
QC10797,WH-512,PID1791,Home,2025-11-29,Wrong Item,High,28,14,Fail,Yes,Junior
QC10798,WH-203,PID7442,Beauty,2025-11-05,Barcode Issue,Medium,126,9,Fail,No,Automated
QC10799,WH-410,PID5215,Home,2025-10-09,Barcode Issue,Low,19,2,Fail,No,Junior
QC10800,WH-512,PID9520,Beauty,2026-02-24,Packaging Damage,High,129,22,Fail,Yes,Senior
QC10801,WH-512,PID6483,Clothing,2025-10-22,Cosmetic Defect,Low,181,2,Fail,No,Junior
QC10802,WH-512,PID4114,Electronics,2025-12-18,Wrong Item,Medium,180,6,Fail,No,Junior
QC10803,WH-305,PID1988,Sports,2025-09-02,Barcode Issue,Low,106,2,Fail,No,Junior
QC10804,WH-512,PID6107,Clothing,2026-01-28,Label Error,Medium,48,5,Fail,No,Junior
QC10805,WH-101,PID3249,Clothing,2026-01-25,Label Error,Low,122,2,Fail,No,Junior
QC10806,WH-305,PID7110,Beauty,2025-11-07,Cosmetic Defect,Medium,44,10,Fail,No,Automated
QC10807,WH-203,PID4726,Electronics,2025-11-27,Cosmetic Defect,Low,122,1,Fail,No,Automated
QC10808,WH-203,PID8804,Home,2026-02-23,Cosmetic Defect,Low,84,2,Fail,No,Automated
QC10809,WH-305,PID5806,Clothing,2025-10-20,Missing Parts,High,165,11,Fail,Yes,Junior
QC10810,WH-101,PID7737,Clothing,2025-09-07,Cosmetic Defect,Low,56,1,Fail,No,Junior
QC10811,WH-203,PID5843,Sports,2026-02-19,Cosmetic Defect,Medium,53,9,Fail,No,Senior
QC10812,WH-410,PID6317,Sports,2026-01-25,Label Error,Low,143,1,Fail,No,Junior
QC10813,WH-410,PID6237,Home,2025-12-15,Missing Parts,Low,167,1,Fail,No,Junior
QC10814,WH-101,PID8502,Electronics,2026-01-07,Label Error,Medium,15,10,Fail,No,Junior
QC10815,WH-101,PID1641,Beauty,2026-02-26,Wrong Item,Low,120,3,Fail,No,Automated
QC10816,WH-203,PID1636,Electronics,2025-11-09,Functional Failure,Low,44,0,Pass,No,Junior
QC10817,WH-203,PID5624,Clothing,2025-12-29,Functional Failure,Low,28,2,Fail,No,Automated
QC10818,WH-305,PID5086,Clothing,2026-01-16,Wrong Item,Low,10,3,Fail,No,Automated
QC10819,WH-101,PID5231,Sports,2026-02-08,Label Error,Medium,197,4,Fail,No,Automated
QC10820,WH-203,PID7330,Electronics,2026-01-27,Missing Parts,Medium,145,7,Fail,No,Automated
QC10821,WH-203,PID7413,Clothing,2025-11-24,Barcode Issue,Low,53,2,Fail,No,Junior
QC10822,WH-305,PID9427,Beauty,2026-02-18,Functional Failure,Medium,178,7,Fail,No,Senior
QC10823,WH-410,PID1832,Sports,2025-12-06,Missing Parts,Low,146,0,Pass,No,Senior
QC10824,WH-203,PID4875,Clothing,2025-09-20,Packaging Damage,Low,177,1,Fail,No,Senior
QC10825,WH-512,PID2008,Electronics,2025-11-02,Functional Failure,High,75,17,Fail,Yes,Junior
QC10826,WH-410,PID5374,Home,2026-02-26,Label Error,Medium,119,2,Fail,No,Junior
QC10827,WH-305,PID8822,Clothing,2026-01-03,Packaging Damage,Low,122,2,Fail,No,Senior
QC10828,WH-203,PID5683,Sports,2026-01-16,Wrong Item,Low,104,3,Fail,No,Automated
QC10829,WH-512,PID4387,Electronics,2025-12-06,Wrong Item,Low,140,1,Fail,No,Automated
QC10830,WH-305,PID8428,Home,2025-11-16,Cosmetic Defect,Low,25,1,Fail,No,Junior
QC10831,WH-305,PID2194,Home,2025-09-18,Missing Parts,Low,197,2,Fail,No,Senior
QC10832,WH-410,PID1554,Clothing,2025-12-24,Wrong Item,Low,164,3,Fail,No,Senior
QC10833,WH-512,PID1060,Home,2026-02-20,Barcode Issue,Low,169,2,Fail,No,Automated
QC10834,WH-101,PID9761,Sports,2026-01-29,Barcode Issue,Medium,29,4,Fail,No,Automated
QC10835,WH-512,PID7066,Clothing,2025-12-20,Packaging Damage,Low,13,0,Pass,No,Junior
QC10836,WH-410,PID8969,Home,2025-12-17,Functional Failure,High,151,8,Fail,Yes,Junior
QC10837,WH-305,PID2499,Electronics,2025-10-05,Packaging Damage,Low,172,1,Fail,No,Automated
QC10838,WH-512,PID6666,Home,2025-12-14,Functional Failure,Low,103,0,Pass,No,Senior
QC10839,WH-410,PID4226,Clothing,2026-01-19,Functional Failure,Low,176,0,Pass,No,Senior
QC10840,WH-305,PID5899,Sports,2026-02-13,Functional Failure,Medium,85,10,Fail,No,Senior
QC10841,WH-203,PID8237,Electronics,2026-02-22,Functional Failure,Low,38,0,Pass,No,Junior
QC10842,WH-203,PID7836,Beauty,2025-10-09,Wrong Item,Low,195,2,Fail,No,Senior
QC10843,WH-203,PID4406,Sports,2026-01-06,Missing Parts,Low,142,3,Fail,No,Automated
QC10844,WH-305,PID1188,Sports,2025-10-27,Functional Failure,Low,155,2,Fail,No,Automated
QC10845,WH-203,PID1373,Sports,2025-09-30,Barcode Issue,Medium,186,10,Fail,No,Junior
QC10846,WH-305,PID9115,Sports,2025-11-10,Packaging Damage,Medium,196,3,Fail,No,Automated
QC10847,WH-305,PID6651,Beauty,2026-01-17,Barcode Issue,Low,178,3,Fail,No,Senior
QC10848,WH-410,PID7183,Home,2025-09-30,Cosmetic Defect,Low,136,1,Fail,No,Senior
QC10849,WH-410,PID6564,Sports,2025-09-18,Packaging Damage,High,99,18,Fail,Yes,Senior
QC10850,WH-101,PID2896,Beauty,2025-10-27,Functional Failure,Medium,180,3,Fail,No,Senior
QC10851,WH-203,PID4500,Sports,2025-11-26,Label Error,Low,198,1,Fail,No,Automated
QC10852,WH-305,PID3323,Home,2025-12-21,Cosmetic Defect,Low,56,0,Pass,No,Automated
QC10853,WH-410,PID6263,Clothing,2026-01-01,Wrong Item,Medium,50,3,Fail,No,Senior
QC10854,WH-512,PID2410,Clothing,2025-09-16,Barcode Issue,Low,157,0,Pass,No,Junior
QC10855,WH-410,PID8145,Home,2025-12-24,Label Error,Medium,57,7,Fail,No,Senior
QC10856,WH-512,PID2796,Beauty,2026-01-12,Missing Parts,Medium,155,10,Fail,No,Senior
QC10857,WH-305,PID1860,Sports,2025-12-23,Functional Failure,Medium,50,4,Fail,No,Senior
QC10858,WH-203,PID1494,Beauty,2025-11-22,Wrong Item,Low,110,2,Fail,No,Automated
QC10859,WH-101,PID6167,Home,2025-09-23,Cosmetic Defect,Low,76,3,Fail,No,Junior
QC10860,WH-101,PID6192,Electronics,2026-02-14,Functional Failure,Medium,111,4,Fail,No,Junior
QC10861,WH-410,PID7048,Electronics,2025-11-12,Functional Failure,Low,161,1,Fail,No,Automated
QC10862,WH-305,PID5334,Electronics,2026-01-30,Missing Parts,Low,58,1,Fail,No,Junior
QC10863,WH-101,PID8868,Electronics,2025-11-04,Functional Failure,Low,194,1,Fail,No,Junior
QC10864,WH-512,PID2659,Beauty,2025-09-11,Label Error,Low,87,0,Pass,No,Automated
QC10865,WH-203,PID1554,Electronics,2026-01-17,Packaging Damage,High,145,11,Fail,Yes,Senior
QC10866,WH-410,PID2637,Electronics,2025-11-14,Label Error,Medium,52,4,Fail,No,Automated
QC10867,WH-410,PID4933,Clothing,2025-12-28,Cosmetic Defect,High,14,14,Fail,Yes,Automated
QC10868,WH-410,PID6886,Beauty,2025-09-27,Cosmetic Defect,Medium,26,6,Fail,No,Senior
QC10869,WH-203,PID8309,Beauty,2026-01-22,Functional Failure,High,122,11,Fail,Yes,Automated
QC10870,WH-305,PID7511,Beauty,2025-11-15,Packaging Damage,Low,70,3,Fail,No,Senior
QC10871,WH-203,PID8010,Electronics,2026-01-23,Functional Failure,Low,11,0,Pass,No,Senior
QC10872,WH-203,PID5780,Clothing,2026-02-18,Cosmetic Defect,Low,121,1,Fail,No,Automated
QC10873,WH-101,PID6923,Clothing,2026-02-08,Label Error,Medium,36,6,Fail,No,Junior
QC10874,WH-305,PID2669,Home,2025-12-09,Functional Failure,Medium,60,7,Fail,No,Junior
QC10875,WH-305,PID7096,Sports,2026-02-08,Packaging Damage,Medium,32,2,Fail,No,Junior
QC10876,WH-410,PID2314,Home,2025-11-08,Cosmetic Defect,Low,118,2,Fail,No,Junior
QC10877,WH-410,PID2162,Electronics,2025-12-25,Packaging Damage,Low,27,1,Fail,No,Senior
QC10878,WH-203,PID8229,Sports,2026-01-23,Cosmetic Defect,Medium,72,10,Fail,No,Senior
QC10879,WH-410,PID1576,Clothing,2026-02-11,Cosmetic Defect,High,74,8,Fail,Yes,Automated
QC10880,WH-203,PID1492,Electronics,2026-01-13,Functional Failure,Medium,36,8,Fail,No,Junior
QC10881,WH-512,PID7928,Clothing,2026-02-05,Missing Parts,Low,199,0,Pass,No,Junior
QC10882,WH-101,PID9498,Clothing,2026-01-07,Label Error,Low,56,3,Fail,No,Senior
QC10883,WH-410,PID2705,Clothing,2025-11-29,Cosmetic Defect,Low,10,1,Fail,No,Junior
QC10884,WH-512,PID6352,Beauty,2025-12-14,Cosmetic Defect,Medium,19,6,Fail,No,Automated
QC10885,WH-410,PID7890,Clothing,2025-12-08,Functional Failure,Low,152,2,Fail,No,Senior
QC10886,WH-410,PID9223,Sports,2025-10-19,Cosmetic Defect,Low,194,2,Fail,No,Automated
QC10887,WH-101,PID7751,Home,2025-10-28,Label Error,Low,190,1,Fail,No,Senior
QC10888,WH-305,PID4932,Electronics,2025-10-20,Packaging Damage,Low,68,0,Pass,No,Automated
QC10889,WH-101,PID8990,Home,2025-12-30,Barcode Issue,Low,99,3,Fail,No,Automated
QC10890,WH-410,PID9638,Home,2025-09-16,Label Error,Low,172,2,Fail,No,Junior
QC10891,WH-101,PID7050,Clothing,2025-09-05,Wrong Item,Medium,196,7,Fail,No,Senior
QC10892,WH-305,PID3325,Home,2026-02-16,Wrong Item,Low,128,3,Fail,No,Senior
QC10893,WH-512,PID9079,Clothing,2025-11-24,Functional Failure,Low,180,1,Fail,No,Automated
QC10894,WH-410,PID1623,Sports,2026-01-27,Missing Parts,Low,59,1,Fail,No,Junior
QC10895,WH-203,PID4998,Home,2025-12-23,Wrong Item,Low,154,1,Fail,No,Senior
QC10896,WH-203,PID7976,Home,2025-11-13,Wrong Item,Medium,23,4,Fail,No,Senior
QC10897,WH-203,PID8940,Beauty,2025-09-20,Functional Failure,Medium,20,7,Fail,No,Automated
QC10898,WH-203,PID6582,Clothing,2025-09-11,Packaging Damage,Medium,110,5,Fail,No,Senior
QC10899,WH-203,PID8075,Sports,2025-12-25,Missing Parts,Low,198,0,Pass,No,Senior
QC10900,WH-410,PID4189,Sports,2026-01-27,Barcode Issue,Medium,104,9,Fail,No,Junior
QC10901,WH-305,PID3009,Electronics,2026-02-14,Label Error,Medium,167,3,Fail,No,Junior
QC10902,WH-305,PID1280,Clothing,2026-01-18,Barcode Issue,Low,10,2,Fail,No,Junior
QC10903,WH-101,PID9035,Home,2025-11-25,Packaging Damage,Low,161,0,Pass,No,Automated
QC10904,WH-410,PID2390,Beauty,2026-02-21,Wrong Item,Low,168,3,Fail,No,Automated
QC10905,WH-101,PID9484,Home,2026-01-14,Cosmetic Defect,Low,94,3,Fail,No,Junior
QC10906,WH-305,PID4952,Sports,2025-12-07,Missing Parts,Low,134,0,Pass,No,Junior
QC10907,WH-203,PID3776,Sports,2025-12-22,Wrong Item,Low,182,0,Pass,No,Senior
QC10908,WH-101,PID4962,Clothing,2026-02-18,Wrong Item,Low,98,0,Pass,No,Automated
QC10909,WH-101,PID5154,Home,2025-10-07,Wrong Item,Low,184,3,Fail,No,Senior
QC10910,WH-512,PID9042,Home,2025-09-03,Cosmetic Defect,Low,88,0,Pass,No,Senior
QC10911,WH-410,PID6771,Sports,2025-12-03,Wrong Item,Medium,95,8,Fail,No,Senior
QC10912,WH-305,PID7931,Beauty,2025-10-12,Wrong Item,Low,25,2,Fail,No,Senior
QC10913,WH-410,PID6315,Home,2025-10-19,Cosmetic Defect,Low,58,3,Fail,No,Automated
QC10914,WH-410,PID3517,Home,2025-12-18,Barcode Issue,Low,99,1,Fail,No,Automated
QC10915,WH-203,PID5768,Sports,2025-09-24,Barcode Issue,Low,132,1,Fail,No,Junior
QC10916,WH-410,PID9452,Home,2025-10-19,Wrong Item,Low,200,0,Pass,No,Senior
QC10917,WH-203,PID6524,Clothing,2026-02-26,Barcode Issue,Medium,95,5,Fail,No,Automated
QC10918,WH-203,PID7262,Beauty,2026-01-20,Label Error,Low,66,0,Pass,No,Senior
QC10919,WH-203,PID4679,Sports,2026-02-03,Missing Parts,Low,46,0,Pass,No,Junior
QC10920,WH-203,PID3957,Clothing,2025-09-14,Barcode Issue,Low,109,0,Pass,No,Junior
QC10921,WH-512,PID5169,Home,2026-02-17,Cosmetic Defect,Low,93,0,Pass,No,Junior
QC10922,WH-101,PID9244,Beauty,2025-09-15,Packaging Damage,Low,104,1,Fail,No,Senior
QC10923,WH-305,PID3918,Sports,2025-12-27,Functional Failure,Medium,167,9,Fail,No,Senior
QC10924,WH-203,PID1198,Home,2026-01-05,Missing Parts,Low,77,1,Fail,No,Automated
QC10925,WH-203,PID9780,Clothing,2025-12-30,Barcode Issue,Medium,69,10,Fail,No,Automated
QC10926,WH-512,PID4781,Electronics,2025-11-11,Cosmetic Defect,Low,33,0,Pass,No,Junior
QC10927,WH-101,PID9575,Electronics,2026-01-23,Wrong Item,High,25,12,Fail,Yes,Junior
QC10928,WH-512,PID6236,Sports,2025-10-27,Barcode Issue,Low,168,1,Fail,No,Automated
QC10929,WH-101,PID9684,Beauty,2025-11-14,Functional Failure,Low,151,3,Fail,No,Automated
QC10930,WH-512,PID5490,Beauty,2025-11-24,Missing Parts,Medium,54,3,Fail,No,Junior
QC10931,WH-305,PID2725,Beauty,2025-10-25,Packaging Damage,Medium,151,9,Fail,No,Junior
QC10932,WH-305,PID6396,Electronics,2025-11-05,Barcode Issue,Low,19,3,Fail,No,Automated
QC10933,WH-512,PID5416,Clothing,2026-02-23,Cosmetic Defect,Medium,162,10,Fail,No,Senior
QC10934,WH-410,PID4295,Sports,2026-01-17,Label Error,Low,137,1,Fail,No,Senior
QC10935,WH-203,PID3406,Electronics,2026-01-01,Label Error,Medium,160,3,Fail,No,Automated
QC10936,WH-410,PID9352,Clothing,2026-01-13,Functional Failure,Low,21,3,Fail,No,Senior
QC10937,WH-101,PID7511,Clothing,2025-11-12,Wrong Item,Low,190,1,Fail,No,Junior
QC10938,WH-101,PID7669,Beauty,2025-12-18,Label Error,Low,30,2,Fail,No,Automated
QC10939,WH-512,PID6210,Beauty,2025-11-17,Cosmetic Defect,Low,181,0,Pass,No,Automated
QC10940,WH-305,PID5691,Clothing,2025-09-24,Barcode Issue,Medium,103,5,Fail,No,Junior
QC10941,WH-305,PID8739,Electronics,2025-09-29,Functional Failure,Medium,134,9,Fail,No,Senior
QC10942,WH-512,PID5558,Sports,2025-12-05,Functional Failure,Low,145,3,Fail,No,Senior
QC10943,WH-203,PID1897,Sports,2025-09-30,Cosmetic Defect,Low,61,2,Fail,No,Automated
QC10944,WH-203,PID9510,Electronics,2025-11-03,Missing Parts,Medium,39,4,Fail,No,Junior
QC10945,WH-512,PID7218,Home,2025-11-29,Packaging Damage,Low,21,0,Pass,No,Automated
QC10946,WH-101,PID8199,Electronics,2026-02-23,Packaging Damage,Low,46,3,Fail,No,Senior
QC10947,WH-305,PID2950,Home,2026-01-24,Wrong Item,Low,144,3,Fail,No,Automated
QC10948,WH-305,PID4658,Beauty,2026-01-11,Missing Parts,Low,197,0,Pass,No,Automated
QC10949,WH-101,PID9135,Home,2025-10-08,Functional Failure,Low,181,2,Fail,No,Automated
QC10950,WH-512,PID3869,Beauty,2025-12-18,Barcode Issue,Medium,36,8,Fail,No,Junior
QC10951,WH-203,PID4245,Beauty,2026-01-02,Cosmetic Defect,Low,57,1,Fail,No,Junior
QC10952,WH-101,PID9775,Home,2025-11-24,Label Error,Medium,154,7,Fail,No,Senior
QC10953,WH-410,PID6666,Sports,2025-11-19,Barcode Issue,Low,103,3,Fail,No,Automated
QC10954,WH-410,PID8549,Electronics,2025-12-08,Label Error,Medium,178,7,Fail,No,Senior
QC10955,WH-410,PID6847,Electronics,2026-01-06,Wrong Item,Medium,33,2,Fail,No,Junior
QC10956,WH-203,PID9366,Sports,2026-02-09,Barcode Issue,Medium,146,3,Fail,No,Junior
QC10957,WH-203,PID8684,Clothing,2026-01-27,Cosmetic Defect,Low,197,0,Pass,No,Automated
QC10958,WH-410,PID7111,Beauty,2026-01-17,Functional Failure,Low,10,0,Pass,No,Senior
QC10959,WH-203,PID1376,Beauty,2025-10-09,Missing Parts,High,167,13,Fail,Yes,Junior
QC10960,WH-101,PID5223,Electronics,2025-09-14,Packaging Damage,Low,105,2,Fail,No,Senior
QC10961,WH-305,PID6711,Sports,2026-01-20,Barcode Issue,Low,174,3,Fail,No,Senior
QC10962,WH-512,PID2603,Sports,2026-02-23,Wrong Item,Low,114,3,Fail,No,Junior
QC10963,WH-101,PID7088,Sports,2025-09-12,Missing Parts,Low,39,1,Fail,No,Automated
QC10964,WH-305,PID6267,Electronics,2025-11-05,Label Error,Low,77,2,Fail,No,Automated
QC10965,WH-203,PID9126,Clothing,2026-02-27,Packaging Damage,Low,124,2,Fail,No,Junior
QC10966,WH-410,PID9318,Home,2026-01-01,Label Error,Low,162,1,Fail,No,Automated
QC10967,WH-203,PID2448,Home,2026-02-26,Missing Parts,Low,121,2,Fail,No,Senior
QC10968,WH-101,PID9245,Beauty,2025-11-15,Label Error,Low,170,3,Fail,No,Junior
QC10969,WH-410,PID5694,Sports,2026-02-07,Packaging Damage,Low,164,3,Fail,No,Automated
QC10970,WH-305,PID9379,Beauty,2025-12-16,Cosmetic Defect,Low,110,3,Fail,No,Senior
QC10971,WH-305,PID7493,Sports,2026-02-24,Missing Parts,Medium,61,6,Fail,No,Automated
QC10972,WH-203,PID4712,Beauty,2025-09-25,Wrong Item,Low,92,0,Pass,No,Senior
QC10973,WH-512,PID1921,Beauty,2026-02-11,Cosmetic Defect,Low,40,0,Pass,No,Automated
QC10974,WH-512,PID1738,Beauty,2025-10-30,Barcode Issue,Medium,20,4,Fail,No,Automated
QC10975,WH-512,PID7560,Beauty,2025-11-09,Cosmetic Defect,Low,168,2,Fail,No,Senior
QC10976,WH-203,PID5235,Beauty,2025-09-16,Label Error,Low,24,1,Fail,No,Senior
QC10977,WH-101,PID9389,Electronics,2025-10-09,Wrong Item,Low,13,3,Fail,No,Senior
QC10978,WH-101,PID3181,Electronics,2025-09-06,Missing Parts,Medium,45,6,Fail,No,Senior
QC10979,WH-410,PID6105,Electronics,2025-11-20,Wrong Item,Low,98,2,Fail,No,Senior
QC10980,WH-305,PID4530,Clothing,2025-10-22,Packaging Damage,Medium,29,5,Fail,No,Senior
QC10981,WH-101,PID2931,Clothing,2025-10-22,Barcode Issue,Low,20,1,Fail,No,Junior
QC10982,WH-101,PID8094,Sports,2025-10-21,Cosmetic Defect,Low,193,2,Fail,No,Senior
QC10983,WH-305,PID9817,Sports,2025-09-27,Cosmetic Defect,High,92,22,Fail,Yes,Senior
QC10984,WH-410,PID4297,Sports,2025-09-04,Label Error,Medium,59,2,Fail,No,Junior
QC10985,WH-203,PID9732,Beauty,2025-10-30,Wrong Item,Medium,125,8,Fail,No,Automated
QC10986,WH-512,PID1684,Clothing,2026-02-25,Packaging Damage,Low,179,2,Fail,No,Junior
QC10987,WH-305,PID2899,Clothing,2025-09-02,Label Error,Low,82,0,Pass,No,Senior
QC10988,WH-203,PID3414,Clothing,2026-01-07,Wrong Item,Low,177,3,Fail,No,Senior
QC10989,WH-512,PID9273,Sports,2026-01-07,Packaging Damage,Medium,93,9,Fail,No,Junior
QC10990,WH-512,PID7743,Home,2025-12-15,Packaging Damage,Medium,79,10,Fail,No,Automated
QC10991,WH-203,PID1450,Clothing,2025-11-22,Barcode Issue,Low,16,0,Pass,No,Senior
QC10992,WH-101,PID3781,Home,2026-01-13,Label Error,Medium,41,8,Fail,No,Automated
QC10993,WH-101,PID9411,Clothing,2026-01-27,Cosmetic Defect,Medium,88,3,Fail,No,Junior
QC10994,WH-410,PID8894,Home,2025-12-17,Barcode Issue,Low,131,1,Fail,No,Junior
QC10995,WH-305,PID3274,Beauty,2025-11-29,Packaging Damage,Low,63,0,Pass,No,Junior
QC10996,WH-101,PID5834,Electronics,2025-09-23,Cosmetic Defect,Low,103,2,Fail,No,Senior
QC10997,WH-305,PID4615,Electronics,2025-11-09,Wrong Item,Low,113,2,Fail,No,Senior
QC10998,WH-512,PID3048,Home,2025-12-29,Label Error,High,109,21,Fail,Yes,Junior
QC10999,WH-101,PID3684,Home,2025-10-14,Label Error,Low,101,2,Fail,No,Automated
