order_id,product_id,category,price,return_reason,return_days,condition,customer_type,resolution
ORD100000,PID9281,Home,67.16,Changed mind,5,Used,Prime,Refund
ORD100001,PID6633,Clothing,412.04,No longer needed,28,Used,Non-Prime,Replacement
ORD100002,PID9929,Electronics,165.4,Item damaged,15,Used,Prime,Replacement
ORD100003,PID5443,Home,60.02,Size too large,25,Opened,Non-Prime,Refund
ORD100004,PID1283,Clothing,62.08,No longer needed,30,Damaged,Non-Prime,Refund
ORD100005,PID3686,Electronics,153.51,Wrong item received,21,Used,Prime,Refund
ORD100006,PID5093,Sports,317.64,Quality not good,4,Used,Non-Prime,Replacement
ORD100007,PID9248,Beauty,304.51,Better price available,2,Unopened,Non-Prime,Refund
ORD100008,PID9606,Sports,201.94,No longer needed,13,Damaged,Prime,Replacement
ORD100009,PID7599,Sports,271.79,Size too small,29,Opened,Prime,Refund
ORD100010,PID4727,Clothing,391.84,Arrived late,28,Opened,Non-Prime,Replacement
ORD100011,PID4007,Beauty,303.98,No longer needed,20,Used,Prime,Replacement
ORD100012,PID5342,Clothing,314.97,Size too small,20,Unopened,Prime,Refund
ORD100013,PID3173,Home,358.36,Better price available,15,Opened,Non-Prime,Replacement
ORD100014,PID5669,Sports,272.03,Better price available,25,Used,Prime,Refund
ORD100015,PID7775,Electronics,317.54,Better price available,22,Damaged,Non-Prime,Replacement
ORD100016,PID6677,Beauty,312.85,Size too large,4,Opened,Prime,Refund
ORD100017,PID3006,Clothing,392.34,Changed mind,6,Unopened,Non-Prime,Refund
ORD100018,PID7947,Home,228.59,Wrong item received,12,Used,Prime,Replacement
ORD100019,PID8654,Home,185.96,No longer needed,8,Opened,Prime,Refund
ORD100020,PID7942,Home,145.87,Defective product,27,Unopened,Non-Prime,Replacement
ORD100021,PID7141,Home,394.63,Item damaged,14,Unopened,Prime,Refund
ORD100022,PID9055,Clothing,476.46,Size too small,28,Damaged,Non-Prime,Replacement
ORD100023,PID7156,Home,157.52,Defective product,10,Opened,Prime,Refund
ORD100024,PID7990,Clothing,327.11,Size too small,8,Damaged,Prime,Replacement
ORD100025,PID6482,Electronics,321.22,Better price available,27,Used,Prime,Refund
ORD100026,PID1608,Sports,470.41,Better price available,23,Opened,Prime,Replacement
ORD100027,PID9509,Sports,19.84,Arrived late,17,Damaged,Non-Prime,Replacement
ORD100028,PID4727,Home,281.81,Wrong item received,20,Opened,Prime,Refund
ORD100029,PID2293,Sports,479.69,Wrong item received,21,Unopened,Non-Prime,Refund
ORD100030,PID4876,Home,440.38,No longer needed,22,Damaged,Prime,Replacement
ORD100031,PID9059,Home,477.26,No longer needed,28,Damaged,Non-Prime,Refund
ORD100032,PID4509,Beauty,349.71,Defective product,29,Damaged,Prime,Replacement
ORD100033,PID6110,Clothing,294.99,Arrived late,16,Opened,Non-Prime,Replacement
ORD100034,PID6540,Sports,22.9,Size too large,28,Unopened,Prime,Refund
ORD100035,PID6591,Home,242.26,Size too small,6,Opened,Prime,Replacement
ORD100036,PID2418,Beauty,183.7,Arrived late,20,Opened,Non-Prime,Replacement
ORD100037,PID3979,Sports,134.85,Changed mind,16,Used,Prime,Replacement
ORD100038,PID2559,Clothing,245.97,Size too small,15,Unopened,Prime,Replacement
ORD100039,PID2248,Electronics,167.19,Size too small,13,Used,Non-Prime,Replacement
ORD100040,PID1662,Home,192.99,Item damaged,20,Unopened,Non-Prime,Replacement
ORD100041,PID4675,Clothing,317.93,Size too small,25,Unopened,Prime,Replacement
ORD100042,PID4754,Beauty,447.55,Size too small,26,Unopened,Prime,Refund
ORD100043,PID6599,Sports,58.21,Arrived late,3,Damaged,Non-Prime,Refund
ORD100044,PID6617,Clothing,221.82,Missing parts,23,Damaged,Prime,Replacement
ORD100045,PID7692,Home,45.13,Item damaged,26,Damaged,Prime,Refund
ORD100046,PID4178,Sports,298.74,Missing parts,28,Used,Prime,Replacement
ORD100047,PID8508,Sports,487.57,Item damaged,15,Used,Prime,Refund
ORD100048,PID8478,Electronics,451.84,No longer needed,14,Damaged,Prime,Replacement
ORD100049,PID3499,Home,449.79,Arrived late,14,Opened,Non-Prime,Replacement
ORD100050,PID4912,Beauty,101.21,Better price available,14,Damaged,Non-Prime,Refund
ORD100051,PID2150,Home,259.86,Wrong item received,20,Opened,Non-Prime,Replacement
ORD100052,PID7813,Clothing,363.66,No longer needed,2,Unopened,Non-Prime,Refund
ORD100053,PID5352,Home,155.63,Quality not good,17,Used,Prime,Replacement
ORD100054,PID4921,Electronics,82.9,Missing parts,26,Used,Prime,Replacement
ORD100055,PID9874,Clothing,80.57,Item damaged,22,Used,Prime,Replacement
ORD100056,PID2036,Sports,398.65,Defective product,7,Opened,Prime,Refund
ORD100057,PID4754,Beauty,210.88,Arrived late,18,Unopened,Non-Prime,Replacement
ORD100058,PID3317,Clothing,400.69,Changed mind,7,Damaged,Non-Prime,Replacement
ORD100059,PID3987,Clothing,366.25,Arrived late,8,Opened,Prime,Replacement
ORD100060,PID2362,Clothing,464.42,No longer needed,5,Used,Non-Prime,Replacement
ORD100061,PID3155,Electronics,223.2,Better price available,23,Used,Non-Prime,Refund
ORD100062,PID6945,Electronics,150.73,Defective product,27,Opened,Prime,Refund
ORD100063,PID3688,Clothing,373.44,Arrived late,8,Used,Prime,Refund
ORD100064,PID4179,Home,266.25,No longer needed,10,Opened,Non-Prime,Replacement
ORD100065,PID3909,Sports,463.49,Item damaged,10,Unopened,Non-Prime,Replacement
ORD100066,PID5468,Clothing,245.34,No longer needed,10,Used,Prime,Replacement
ORD100067,PID6858,Sports,220.16,Defective product,29,Damaged,Prime,Refund
ORD100068,PID1695,Sports,223.43,Quality not good,12,Damaged,Non-Prime,Refund
ORD100069,PID2296,Beauty,254.82,Not as described,8,Used,Non-Prime,Refund
ORD100070,PID4278,Electronics,410.39,Item damaged,25,Used,Prime,Replacement
ORD100071,PID7691,Electronics,298.46,Not as described,17,Damaged,Non-Prime,Refund
ORD100072,PID6031,Beauty,293.68,Item damaged,8,Used,Non-Prime,Refund
ORD100073,PID7433,Beauty,311.63,No longer needed,1,Used,Non-Prime,Replacement
ORD100074,PID7530,Home,267.06,Quality not good,26,Unopened,Non-Prime,Replacement
ORD100075,PID4196,Clothing,284.51,Size too small,24,Damaged,Prime,Refund
ORD100076,PID9741,Beauty,318.97,Arrived late,14,Unopened,Prime,Replacement
ORD100077,PID1799,Electronics,394.77,Item damaged,12,Damaged,Non-Prime,Refund
ORD100078,PID7230,Sports,248.58,Missing parts,3,Opened,Non-Prime,Replacement
ORD100079,PID5459,Electronics,292.52,Better price available,30,Opened,Non-Prime,Replacement
ORD100080,PID4450,Sports,465.09,Quality not good,21,Damaged,Non-Prime,Replacement
ORD100081,PID3897,Sports,127.63,Changed mind,21,Used,Non-Prime,Replacement
ORD100082,PID6667,Beauty,240.13,Size too small,5,Used,Non-Prime,Refund
ORD100083,PID6162,Home,444.76,Not as described,4,Damaged,Prime,Refund
ORD100084,PID2498,Electronics,160.57,Not as described,28,Used,Prime,Replacement
ORD100085,PID8184,Beauty,88.69,Missing parts,15,Damaged,Non-Prime,Refund
ORD100086,PID4201,Beauty,331.24,Item damaged,16,Damaged,Prime,Replacement
ORD100087,PID5200,Clothing,340.06,Wrong item received,29,Unopened,Prime,Replacement
ORD100088,PID8364,Clothing,443.28,No longer needed,15,Damaged,Non-Prime,Replacement
ORD100089,PID8588,Beauty,115.43,Wrong item received,26,Opened,Prime,Replacement
ORD100090,PID6148,Sports,275.91,Defective product,23,Unopened,Non-Prime,Refund
ORD100091,PID7548,Clothing,263.35,Item damaged,2,Opened,Prime,Refund
ORD100092,PID6601,Sports,44.57,Changed mind,15,Used,Prime,Replacement
ORD100093,PID4894,Sports,241.93,Item damaged,14,Opened,Prime,Refund
ORD100094,PID3991,Home,228.79,Not as described,13,Opened,Non-Prime,Replacement
ORD100095,PID3315,Beauty,425.15,Changed mind,8,Opened,Non-Prime,Replacement
ORD100096,PID8374,Home,194.26,Quality not good,28,Damaged,Prime,Replacement
ORD100097,PID1153,Sports,140.25,Missing parts,18,Used,Non-Prime,Refund
ORD100098,PID8961,Beauty,55.48,Size too large,16,Opened,Prime,Refund
ORD100099,PID6504,Sports,291.69,Size too small,18,Opened,Non-Prime,Replacement
ORD100100,PID2596,Clothing,365.92,Not as described,21,Unopened,Non-Prime,Refund
ORD100101,PID1480,Sports,201.43,Missing parts,18,Unopened,Non-Prime,Refund
ORD100102,PID9359,Home,476.46,Arrived late,23,Used,Prime,Replacement
ORD100103,PID4562,Sports,336.37,Defective product,20,Used,Non-Prime,Refund
ORD100104,PID3127,Beauty,348.09,No longer needed,18,Damaged,Non-Prime,Refund
ORD100105,PID1106,Clothing,283.02,Changed mind,23,Opened,Prime,Replacement
ORD100106,PID5173,Sports,127.65,Item damaged,24,Opened,Prime,Replacement
ORD100107,PID4573,Electronics,179.91,Changed mind,15,Used,Prime,Replacement
ORD100108,PID6219,Electronics,391.24,Changed mind,18,Damaged,Prime,Replacement
ORD100109,PID6958,Electronics,430.81,Missing parts,11,Used,Non-Prime,Refund
ORD100110,PID5236,Electronics,437.05,Wrong item received,4,Used,Prime,Refund
ORD100111,PID4188,Beauty,480.14,Item damaged,19,Used,Non-Prime,Replacement
ORD100112,PID9860,Beauty,326.57,Changed mind,20,Unopened,Non-Prime,Replacement
ORD100113,PID6919,Electronics,27.52,Size too large,3,Unopened,Non-Prime,Replacement
ORD100114,PID2299,Electronics,15.27,Missing parts,24,Opened,Prime,Replacement
ORD100115,PID5170,Home,288.25,Size too large,20,Used,Non-Prime,Refund
ORD100116,PID5003,Beauty,73.17,Defective product,1,Opened,Non-Prime,Replacement
ORD100117,PID7743,Sports,103.92,Quality not good,3,Unopened,Prime,Replacement
ORD100118,PID6810,Electronics,362.65,Item damaged,2,Damaged,Non-Prime,Refund
ORD100119,PID4467,Beauty,353.24,Better price available,10,Used,Prime,Replacement
ORD100120,PID2822,Sports,360.34,Arrived late,16,Unopened,Prime,Replacement
ORD100121,PID7608,Beauty,177.83,Arrived late,29,Used,Prime,Replacement
ORD100122,PID1205,Sports,203.93,Wrong item received,17,Damaged,Prime,Refund
ORD100123,PID9419,Beauty,472.35,Not as described,24,Opened,Prime,Replacement
ORD100124,PID7217,Clothing,130.3,Defective product,23,Opened,Prime,Refund
ORD100125,PID4744,Home,276.18,Item damaged,4,Unopened,Prime,Replacement
ORD100126,PID4365,Clothing,181.54,Wrong item received,6,Unopened,Prime,Refund
ORD100127,PID6931,Clothing,25.81,Wrong item received,17,Damaged,Prime,Replacement
ORD100128,PID5474,Home,483.9,Defective product,25,Unopened,Prime,Replacement
ORD100129,PID8946,Home,287.89,Changed mind,16,Used,Prime,Replacement
ORD100130,PID4181,Sports,112.25,Item damaged,8,Damaged,Non-Prime,Replacement
ORD100131,PID5990,Sports,370.99,Size too large,15,Unopened,Non-Prime,Refund
ORD100132,PID4610,Home,209.55,Not as described,16,Damaged,Prime,Refund
ORD100133,PID9989,Electronics,369.56,Quality not good,22,Used,Prime,Replacement
ORD100134,PID3778,Electronics,391.79,No longer needed,23,Unopened,Non-Prime,Replacement
ORD100135,PID7649,Home,98.75,Wrong item received,12,Damaged,Non-Prime,Refund
ORD100136,PID4450,Sports,485.39,Item damaged,26,Used,Non-Prime,Replacement
ORD100137,PID1433,Sports,421.01,Defective product,21,Damaged,Non-Prime,Refund
ORD100138,PID3073,Sports,23.72,Arrived late,5,Opened,Prime,Refund
ORD100139,PID4736,Clothing,195.52,Better price available,1,Used,Prime,Refund
ORD100140,PID1229,Home,176.2,Size too large,13,Opened,Non-Prime,Refund
ORD100141,PID6798,Home,277.18,Size too large,5,Damaged,Prime,Refund
ORD100142,PID9837,Home,239.95,No longer needed,30,Damaged,Prime,Refund
ORD100143,PID6097,Sports,369.72,Item damaged,24,Unopened,Non-Prime,Replacement
ORD100144,PID6076,Electronics,438.45,Wrong item received,15,Used,Non-Prime,Replacement
ORD100145,PID7085,Home,54.49,Size too small,4,Unopened,Prime,Replacement
ORD100146,PID4642,Beauty,83.59,Not as described,1,Damaged,Non-Prime,Replacement
ORD100147,PID9102,Beauty,424.36,Item damaged,26,Damaged,Prime,Replacement
ORD100148,PID5022,Sports,364.65,Item damaged,22,Used,Non-Prime,Refund
ORD100149,PID3854,Sports,36.27,Defective product,20,Opened,Prime,Refund
ORD100150,PID7992,Electronics,210.42,Better price available,12,Used,Non-Prime,Refund
ORD100151,PID7885,Clothing,34.68,Better price available,18,Unopened,Prime,Refund
ORD100152,PID3216,Clothing,89.76,Defective product,14,Opened,Non-Prime,Refund
ORD100153,PID3004,Electronics,427.96,Defective product,7,Unopened,Non-Prime,Refund
ORD100154,PID2722,Home,317.77,Size too small,11,Opened,Prime,Refund
ORD100155,PID1664,Sports,33.96,Arrived late,4,Used,Prime,Replacement
ORD100156,PID2768,Clothing,72.95,Missing parts,14,Damaged,Non-Prime,Replacement
ORD100157,PID4655,Beauty,371.28,Item damaged,6,Used,Prime,Replacement
ORD100158,PID6878,Clothing,167.8,Size too large,25,Opened,Prime,Replacement
ORD100159,PID2458,Sports,313.96,Missing parts,7,Used,Non-Prime,Replacement
ORD100160,PID2340,Clothing,334.47,Size too large,19,Damaged,Prime,Replacement
ORD100161,PID7655,Beauty,337.27,Quality not good,26,Used,Prime,Replacement
ORD100162,PID4992,Sports,148.9,Item damaged,30,Opened,Prime,Refund
ORD100163,PID5176,Sports,363.8,Defective product,14,Used,Non-Prime,Replacement
ORD100164,PID6012,Clothing,326.11,Size too large,10,Used,Non-Prime,Refund
ORD100165,PID9452,Sports,64.79,Size too large,10,Used,Non-Prime,Refund
ORD100166,PID3623,Sports,236.49,Quality not good,27,Unopened,Non-Prime,Replacement
ORD100167,PID6612,Beauty,113.03,Missing parts,2,Damaged,Non-Prime,Refund
ORD100168,PID9094,Clothing,300.28,Missing parts,26,Unopened,Prime,Replacement
ORD100169,PID8101,Home,300.75,Better price available,22,Damaged,Non-Prime,Refund
ORD100170,PID2853,Beauty,382.44,Missing parts,25,Unopened,Prime,Refund
ORD100171,PID2884,Beauty,474.55,Changed mind,29,Used,Non-Prime,Refund
ORD100172,PID6617,Sports,102.88,Changed mind,2,Used,Non-Prime,Replacement
ORD100173,PID5203,Beauty,315.23,Defective product,27,Used,Prime,Replacement
ORD100174,PID2280,Electronics,342.64,Item damaged,8,Damaged,Prime,Refund
ORD100175,PID9199,Sports,93.83,Defective product,4,Opened,Non-Prime,Replacement
ORD100176,PID1434,Clothing,448.98,Wrong item received,19,Opened,Prime,Replacement
ORD100177,PID1199,Home,167.01,Arrived late,18,Opened,Non-Prime,Refund
ORD100178,PID4786,Clothing,35.55,Wrong item received,2,Opened,Prime,Replacement
ORD100179,PID1110,Home,185.08,No longer needed,20,Unopened,Prime,Refund
ORD100180,PID3678,Electronics,114.08,Size too large,18,Damaged,Prime,Refund
ORD100181,PID3063,Clothing,262.45,Changed mind,12,Damaged,Prime,Replacement
ORD100182,PID8894,Electronics,166.59,Better price available,19,Unopened,Non-Prime,Refund
ORD100183,PID4355,Clothing,496.93,Changed mind,11,Damaged,Prime,Replacement
ORD100184,PID6080,Electronics,383.12,Changed mind,1,Used,Non-Prime,Replacement
ORD100185,PID6129,Home,316.75,Item damaged,9,Damaged,Non-Prime,Refund
ORD100186,PID4594,Sports,393.99,Not as described,7,Damaged,Prime,Refund
ORD100187,PID9683,Electronics,76.81,Better price available,22,Used,Non-Prime,Refund
ORD100188,PID1390,Clothing,306.81,Defective product,24,Used,Non-Prime,Replacement
ORD100189,PID4305,Home,400.93,Missing parts,5,Unopened,Prime,Refund
ORD100190,PID2192,Sports,180.38,Arrived late,26,Opened,Non-Prime,Replacement
ORD100191,PID3516,Sports,378.94,Defective product,28,Used,Non-Prime,Refund
ORD100192,PID2526,Clothing,497.27,Changed mind,5,Opened,Prime,Replacement
ORD100193,PID5294,Sports,13.63,Arrived late,10,Damaged,Non-Prime,Refund
ORD100194,PID4910,Home,303.5,Defective product,3,Damaged,Prime,Replacement
ORD100195,PID4220,Electronics,298.95,Wrong item received,11,Unopened,Non-Prime,Refund
ORD100196,PID3090,Electronics,19.53,Not as described,15,Unopened,Prime,Replacement
ORD100197,PID5564,Home,453.98,Missing parts,10,Damaged,Prime,Refund
ORD100198,PID1926,Beauty,462.25,Better price available,27,Used,Non-Prime,Refund
ORD100199,PID3125,Electronics,84.27,No longer needed,5,Unopened,Prime,Refund
ORD100200,PID7391,Electronics,124.85,Missing parts,5,Unopened,Prime,Refund
ORD100201,PID4681,Sports,233.01,Wrong item received,29,Opened,Prime,Refund
ORD100202,PID3407,Electronics,230.13,Size too small,8,Opened,Non-Prime,Replacement
ORD100203,PID3825,Beauty,95.58,Item damaged,28,Used,Prime,Refund
ORD100204,PID5201,Clothing,495.76,Better price available,18,Unopened,Prime,Replacement
ORD100205,PID8618,Beauty,388.87,Changed mind,23,Used,Prime,Replacement
ORD100206,PID4394,Clothing,30.45,Item damaged,4,Used,Non-Prime,Refund
ORD100207,PID6449,Sports,480.39,Defective product,3,Opened,Non-Prime,Refund
ORD100208,PID4372,Clothing,484.81,Size too small,25,Damaged,Prime,Replacement
ORD100209,PID5725,Beauty,489.06,Not as described,17,Unopened,Prime,Replacement
ORD100210,PID4252,Home,262.92,Not as described,13,Damaged,Non-Prime,Replacement
ORD100211,PID5701,Sports,111.33,Defective product,23,Unopened,Prime,Refund
ORD100212,PID6535,Electronics,318.64,Size too small,4,Opened,Non-Prime,Refund
ORD100213,PID1886,Clothing,227.77,Defective product,26,Damaged,Prime,Replacement
ORD100214,PID9687,Sports,36.99,Size too small,1,Used,Non-Prime,Refund
ORD100215,PID6673,Clothing,321.05,Arrived late,22,Used,Prime,Replacement
ORD100216,PID8242,Home,317.79,Size too large,17,Opened,Non-Prime,Replacement
ORD100217,PID3150,Electronics,242.78,Not as described,12,Used,Prime,Refund
ORD100218,PID6586,Sports,163.65,Wrong item received,25,Opened,Prime,Replacement
ORD100219,PID2793,Home,396.38,No longer needed,10,Used,Non-Prime,Replacement
ORD100220,PID9835,Electronics,299.79,Item damaged,14,Unopened,Prime,Replacement
ORD100221,PID3442,Beauty,49.63,Arrived late,6,Unopened,Prime,Replacement
ORD100222,PID3575,Sports,98.28,Defective product,17,Opened,Prime,Replacement
ORD100223,PID3981,Sports,196.59,Not as described,8,Opened,Prime,Refund
ORD100224,PID8119,Home,136.27,Not as described,11,Opened,Non-Prime,Replacement
ORD100225,PID1702,Sports,329.9,Better price available,3,Opened,Prime,Replacement
ORD100226,PID7110,Electronics,346.15,Item damaged,11,Opened,Prime,Replacement
ORD100227,PID6558,Clothing,38.06,Missing parts,5,Damaged,Non-Prime,Replacement
ORD100228,PID8040,Clothing,453.54,No longer needed,11,Opened,Prime,Replacement
ORD100229,PID8293,Beauty,61.32,Wrong item received,16,Damaged,Prime,Replacement
ORD100230,PID2124,Beauty,325.43,Item damaged,7,Unopened,Prime,Refund
ORD100231,PID7937,Sports,339.36,Arrived late,14,Used,Prime,Replacement
ORD100232,PID6534,Home,214.12,Defective product,21,Used,Prime,Refund
ORD100233,PID6032,Home,183.94,Wrong item received,30,Used,Non-Prime,Refund
ORD100234,PID5411,Home,166.74,Item damaged,16,Damaged,Prime,Refund
ORD100235,PID7818,Sports,273.77,Arrived late,15,Used,Non-Prime,Replacement
ORD100236,PID2201,Clothing,459.82,Wrong item received,26,Opened,Non-Prime,Refund
ORD100237,PID5098,Sports,108.88,Missing parts,18,Unopened,Prime,Replacement
ORD100238,PID6833,Electronics,366.9,Size too large,18,Unopened,Prime,Refund
ORD100239,PID1666,Clothing,365.39,Missing parts,24,Unopened,Non-Prime,Replacement
ORD100240,PID1424,Electronics,85.78,Quality not good,4,Used,Prime,Refund
ORD100241,PID8115,Home,498.32,Defective product,28,Opened,Prime,Replacement
ORD100242,PID8412,Beauty,213.76,Item damaged,14,Used,Prime,Replacement
ORD100243,PID5258,Clothing,401.04,Arrived late,5,Damaged,Prime,Replacement
ORD100244,PID1876,Beauty,202.15,Arrived late,4,Opened,Non-Prime,Refund
ORD100245,PID2090,Electronics,271.09,Defective product,6,Unopened,Prime,Replacement
ORD100246,PID6682,Electronics,238.84,Arrived late,14,Used,Prime,Replacement
ORD100247,PID6190,Beauty,139.4,Changed mind,30,Used,Non-Prime,Refund
ORD100248,PID9953,Electronics,223.72,Size too small,24,Unopened,Non-Prime,Refund
ORD100249,PID1988,Beauty,196.37,Item damaged,15,Unopened,Prime,Refund
ORD100250,PID9555,Electronics,303.48,Quality not good,6,Unopened,Non-Prime,Refund
ORD100251,PID7460,Clothing,168.12,Wrong item received,5,Damaged,Non-Prime,Replacement
ORD100252,PID4389,Sports,327.41,Item damaged,10,Opened,Prime,Replacement
ORD100253,PID2534,Electronics,450.64,Not as described,8,Unopened,Prime,Refund
ORD100254,PID9989,Electronics,239.3,Wrong item received,29,Unopened,Prime,Refund
ORD100255,PID2565,Sports,293.15,Wrong item received,6,Damaged,Prime,Replacement
ORD100256,PID5323,Home,386.08,Arrived late,18,Opened,Non-Prime,Replacement
ORD100257,PID9207,Sports,34.28,Quality not good,14,Unopened,Prime,Refund
ORD100258,PID5888,Beauty,455.8,Quality not good,27,Opened,Prime,Refund
ORD100259,PID9850,Electronics,301.95,Item damaged,15,Damaged,Non-Prime,Refund
ORD100260,PID4344,Home,262.1,Missing parts,4,Damaged,Prime,Refund
ORD100261,PID9484,Electronics,79.87,Quality not good,15,Damaged,Prime,Replacement
ORD100262,PID6907,Home,219.52,Better price available,4,Opened,Prime,Refund
ORD100263,PID4736,Sports,469.61,Better price available,1,Opened,Non-Prime,Replacement
ORD100264,PID3477,Clothing,427.92,Missing parts,7,Opened,Prime,Refund
ORD100265,PID4643,Beauty,163.76,Missing parts,12,Damaged,Prime,Replacement
ORD100266,PID8880,Sports,394.71,Better price available,21,Used,Prime,Replacement
ORD100267,PID2868,Electronics,282.54,Changed mind,1,Unopened,Prime,Replacement
ORD100268,PID7648,Sports,10.45,Better price available,29,Unopened,Prime,Replacement
ORD100269,PID5678,Beauty,235.11,Item damaged,28,Unopened,Non-Prime,Replacement
ORD100270,PID8392,Beauty,180.01,Wrong item received,25,Opened,Prime,Refund
ORD100271,PID1463,Sports,403.34,Wrong item received,22,Unopened,Non-Prime,Refund
ORD100272,PID6402,Clothing,428.39,Arrived late,16,Opened,Prime,Refund
ORD100273,PID4510,Clothing,493.04,No longer needed,16,Opened,Prime,Refund
ORD100274,PID2710,Home,77.01,Missing parts,15,Opened,Prime,Refund
ORD100275,PID5510,Electronics,489.41,Arrived late,15,Opened,Prime,Replacement
ORD100276,PID3112,Beauty,329.15,Arrived late,10,Used,Non-Prime,Replacement
ORD100277,PID1627,Sports,486.52,Defective product,29,Opened,Non-Prime,Refund
ORD100278,PID8877,Electronics,117.92,Better price available,12,Damaged,Non-Prime,Replacement
ORD100279,PID5910,Beauty,443.35,Changed mind,21,Damaged,Prime,Replacement
ORD100280,PID3823,Electronics,120.95,Defective product,18,Opened,Prime,Refund
ORD100281,PID5771,Home,84.03,Wrong item received,14,Opened,Prime,Replacement
ORD100282,PID3329,Sports,171.94,Better price available,28,Damaged,Non-Prime,Refund
ORD100283,PID1173,Sports,336.11,Arrived late,14,Unopened,Prime,Refund
ORD100284,PID5971,Home,365.23,Better price available,21,Opened,Prime,Refund
ORD100285,PID3973,Clothing,198.98,Better price available,5,Damaged,Non-Prime,Replacement
ORD100286,PID9028,Home,417.99,Size too small,10,Opened,Prime,Refund
ORD100287,PID9390,Clothing,78.43,Size too large,9,Used,Non-Prime,Refund
ORD100288,PID9217,Clothing,495.52,Quality not good,26,Unopened,Prime,Refund
ORD100289,PID1884,Electronics,423.89,Quality not good,14,Used,Non-Prime,Replacement
ORD100290,PID9823,Electronics,221.32,Size too large,14,Opened,Non-Prime,Replacement
ORD100291,PID7576,Home,75.11,Size too small,5,Used,Prime,Replacement
ORD100292,PID2098,Clothing,34.29,Changed mind,6,Used,Prime,Refund
ORD100293,PID5726,Clothing,332.7,Better price available,4,Opened,Prime,Refund
ORD100294,PID6406,Home,254.34,No longer needed,29,Used,Non-Prime,Refund
ORD100295,PID5925,Beauty,180.08,Changed mind,10,Unopened,Prime,Replacement
ORD100296,PID4890,Clothing,432.45,Defective product,9,Used,Prime,Refund
ORD100297,PID5147,Beauty,113.37,Wrong item received,15,Used,Prime,Replacement
ORD100298,PID8493,Home,53.97,Quality not good,7,Opened,Prime,Refund
ORD100299,PID2804,Sports,481.92,Size too large,9,Opened,Prime,Replacement
ORD100300,PID8340,Clothing,401.34,Size too small,17,Damaged,Prime,Replacement
ORD100301,PID3110,Beauty,363.4,Arrived late,5,Unopened,Prime,Refund
ORD100302,PID1361,Home,142.36,Defective product,11,Damaged,Non-Prime,Refund
ORD100303,PID7687,Clothing,106.84,Size too small,8,Opened,Prime,Replacement
ORD100304,PID7334,Home,422.74,Item damaged,2,Opened,Non-Prime,Replacement
ORD100305,PID1363,Electronics,399.1,Missing parts,26,Used,Non-Prime,Replacement
ORD100306,PID2066,Sports,119.66,Defective product,5,Unopened,Prime,Replacement
ORD100307,PID7007,Beauty,374.76,Quality not good,21,Opened,Non-Prime,Refund
ORD100308,PID2604,Home,59.32,Arrived late,26,Unopened,Prime,Replacement
ORD100309,PID1182,Sports,497.3,Better price available,12,Damaged,Non-Prime,Refund
ORD100310,PID5293,Sports,340.13,No longer needed,25,Unopened,Non-Prime,Refund
ORD100311,PID3991,Sports,235.04,Not as described,6,Used,Prime,Refund
ORD100312,PID3965,Electronics,176.97,Missing parts,30,Unopened,Non-Prime,Replacement
ORD100313,PID3248,Home,181.14,Not as described,6,Used,Prime,Replacement
ORD100314,PID6635,Electronics,478.59,Arrived late,4,Used,Prime,Refund
ORD100315,PID7643,Clothing,340.54,Changed mind,14,Damaged,Non-Prime,Refund
ORD100316,PID2414,Home,359.99,Size too large,12,Opened,Prime,Refund
ORD100317,PID1755,Electronics,219.29,Item damaged,26,Opened,Non-Prime,Refund
ORD100318,PID8893,Beauty,355.72,Defective product,16,Opened,Non-Prime,Refund
ORD100319,PID1964,Sports,160.32,No longer needed,8,Damaged,Non-Prime,Refund
ORD100320,PID8393,Electronics,36.32,Size too large,2,Damaged,Non-Prime,Replacement
ORD100321,PID3478,Sports,330.92,No longer needed,30,Opened,Non-Prime,Replacement
ORD100322,PID1942,Sports,132.65,Item damaged,14,Opened,Prime,Replacement
ORD100323,PID2853,Clothing,419.97,Size too large,19,Unopened,Non-Prime,Replacement
ORD100324,PID5141,Home,68.49,Arrived late,18,Damaged,Prime,Replacement
ORD100325,PID4063,Beauty,110.97,Size too large,8,Used,Non-Prime,Replacement
ORD100326,PID4731,Beauty,465.56,Quality not good,2,Used,Non-Prime,Refund
ORD100327,PID4268,Home,490.8,Item damaged,1,Opened,Prime,Replacement
ORD100328,PID4697,Home,315.3,Wrong item received,30,Used,Non-Prime,Replacement
ORD100329,PID4313,Electronics,197.98,Missing parts,23,Used,Prime,Refund
ORD100330,PID2991,Sports,178.39,Wrong item received,9,Unopened,Prime,Refund
ORD100331,PID2428,Electronics,241.14,Wrong item received,10,Unopened,Non-Prime,Refund
ORD100332,PID1535,Sports,100.34,No longer needed,12,Used,Prime,Refund
ORD100333,PID6628,Beauty,203.42,Changed mind,21,Unopened,Non-Prime,Refund
ORD100334,PID5657,Sports,113.76,Quality not good,28,Opened,Non-Prime,Replacement
ORD100335,PID7686,Electronics,283.0,Changed mind,26,Opened,Prime,Refund
ORD100336,PID9730,Electronics,402.79,Wrong item received,10,Used,Prime,Refund
ORD100337,PID3780,Clothing,65.91,Better price available,18,Opened,Prime,Replacement
ORD100338,PID3173,Electronics,298.81,Arrived late,26,Opened,Prime,Refund
ORD100339,PID5138,Beauty,208.71,Better price available,23,Used,Non-Prime,Refund
ORD100340,PID8374,Home,472.67,Size too small,29,Used,Prime,Replacement
ORD100341,PID8102,Home,405.26,Item damaged,23,Used,Non-Prime,Replacement
ORD100342,PID2827,Electronics,159.42,Quality not good,14,Damaged,Prime,Refund
ORD100343,PID8466,Sports,187.63,Size too large,4,Unopened,Non-Prime,Replacement
ORD100344,PID5776,Home,304.01,Changed mind,10,Unopened,Prime,Replacement
ORD100345,PID3370,Clothing,212.45,Wrong item received,26,Unopened,Prime,Replacement
ORD100346,PID3040,Home,41.6,Wrong item received,19,Unopened,Prime,Replacement
ORD100347,PID7696,Sports,213.49,Size too small,13,Unopened,Non-Prime,Replacement
ORD100348,PID8340,Beauty,66.97,Better price available,5,Damaged,Non-Prime,Replacement
ORD100349,PID8566,Home,58.73,No longer needed,6,Used,Prime,Refund
ORD100350,PID4630,Beauty,19.71,Changed mind,15,Opened,Non-Prime,Refund
ORD100351,PID8645,Home,113.06,Missing parts,14,Opened,Non-Prime,Replacement
ORD100352,PID7570,Sports,249.21,No longer needed,26,Damaged,Prime,Replacement
ORD100353,PID5545,Electronics,30.5,Quality not good,17,Opened,Prime,Refund
ORD100354,PID6064,Electronics,433.77,Better price available,16,Opened,Non-Prime,Replacement
ORD100355,PID3407,Home,257.77,Better price available,7,Unopened,Prime,Replacement
ORD100356,PID1507,Clothing,300.72,Arrived late,5,Damaged,Prime,Replacement
ORD100357,PID2188,Home,32.89,Size too large,5,Used,Prime,Refund
ORD100358,PID4967,Clothing,78.49,Better price available,26,Used,Prime,Refund
ORD100359,PID8588,Beauty,351.14,Missing parts,22,Damaged,Non-Prime,Replacement
ORD100360,PID9988,Electronics,88.34,Missing parts,19,Opened,Non-Prime,Refund
ORD100361,PID2385,Sports,458.53,Size too small,15,Damaged,Non-Prime,Refund
ORD100362,PID8157,Sports,448.05,No longer needed,1,Used,Prime,Refund
ORD100363,PID1327,Clothing,434.07,Better price available,27,Damaged,Prime,Refund
ORD100364,PID3764,Sports,156.57,Defective product,13,Used,Non-Prime,Refund
ORD100365,PID4746,Clothing,293.64,Wrong item received,3,Unopened,Non-Prime,Replacement
ORD100366,PID3772,Electronics,460.49,Better price available,26,Opened,Non-Prime,Replacement
ORD100367,PID5605,Clothing,14.25,Wrong item received,8,Opened,Prime,Replacement
ORD100368,PID5104,Electronics,316.94,Size too large,19,Damaged,Prime,Refund
ORD100369,PID1305,Beauty,68.64,Arrived late,6,Unopened,Prime,Replacement
ORD100370,PID7422,Sports,434.14,Wrong item received,29,Damaged,Prime,Replacement
ORD100371,PID3323,Clothing,448.28,Arrived late,19,Unopened,Prime,Replacement
ORD100372,PID3315,Home,290.92,Wrong item received,26,Opened,Prime,Refund
ORD100373,PID1421,Electronics,305.03,Quality not good,19,Used,Non-Prime,Refund
ORD100374,PID4519,Beauty,406.91,Changed mind,2,Damaged,Prime,Refund
ORD100375,PID1282,Beauty,315.61,Wrong item received,15,Damaged,Prime,Replacement
ORD100376,PID2542,Clothing,462.7,Missing parts,5,Unopened,Non-Prime,Replacement
ORD100377,PID3024,Clothing,433.7,Wrong item received,16,Used,Non-Prime,Refund
ORD100378,PID2851,Beauty,92.76,Better price available,3,Unopened,Non-Prime,Replacement
ORD100379,PID9161,Sports,436.21,No longer needed,25,Opened,Prime,Replacement
ORD100380,PID2251,Home,408.13,Better price available,17,Used,Non-Prime,Refund
ORD100381,PID3050,Electronics,344.66,Size too small,1,Opened,Prime,Refund
ORD100382,PID5823,Sports,454.6,Arrived late,2,Used,Prime,Replacement
ORD100383,PID6976,Sports,401.45,Missing parts,28,Opened,Non-Prime,Refund
ORD100384,PID9477,Clothing,263.16,Size too large,20,Unopened,Non-Prime,Refund
ORD100385,PID4441,Sports,128.53,No longer needed,20,Used,Non-Prime,Refund
ORD100386,PID8946,Sports,150.25,Size too small,24,Used,Prime,Replacement
ORD100387,PID6016,Beauty,235.5,Quality not good,13,Unopened,Prime,Refund
ORD100388,PID1943,Clothing,469.0,No longer needed,14,Opened,Prime,Replacement
ORD100389,PID3550,Home,499.51,Changed mind,13,Opened,Prime,Refund
ORD100390,PID3741,Beauty,463.37,Changed mind,30,Opened,Prime,Refund
ORD100391,PID2305,Beauty,142.77,Missing parts,20,Damaged,Non-Prime,Refund
ORD100392,PID7829,Beauty,230.21,Changed mind,28,Used,Non-Prime,Replacement
ORD100393,PID9084,Sports,496.97,Item damaged,5,Damaged,Prime,Replacement
ORD100394,PID6795,Home,348.78,Size too small,13,Damaged,Prime,Refund
ORD100395,PID7679,Electronics,372.46,Changed mind,1,Unopened,Non-Prime,Replacement
ORD100396,PID4025,Beauty,453.68,Wrong item received,30,Damaged,Prime,Replacement
ORD100397,PID2234,Home,28.26,Wrong item received,16,Opened,Prime,Replacement
ORD100398,PID6842,Clothing,201.06,Wrong item received,18,Opened,Prime,Refund
ORD100399,PID7759,Sports,364.24,Quality not good,11,Unopened,Prime,Replacement
ORD100400,PID1135,Beauty,220.85,Not as described,26,Damaged,Prime,Refund
ORD100401,PID4946,Sports,152.36,Arrived late,15,Damaged,Non-Prime,Replacement
ORD100402,PID2028,Home,281.84,No longer needed,6,Unopened,Prime,Refund
ORD100403,PID4514,Home,16.79,Better price available,3,Damaged,Non-Prime,Refund
ORD100404,PID1764,Clothing,244.19,Better price available,6,Opened,Prime,Refund
ORD100405,PID2567,Beauty,439.79,Defective product,22,Unopened,Non-Prime,Replacement
ORD100406,PID5076,Home,306.88,Size too small,24,Opened,Prime,Replacement
ORD100407,PID8084,Sports,364.83,Arrived late,13,Used,Prime,Replacement
ORD100408,PID2403,Electronics,236.24,Missing parts,14,Damaged,Prime,Refund
ORD100409,PID6321,Sports,134.33,No longer needed,4,Used,Prime,Replacement
ORD100410,PID5299,Sports,262.98,Defective product,23,Damaged,Non-Prime,Refund
ORD100411,PID6820,Sports,197.15,Arrived late,1,Used,Prime,Refund
ORD100412,PID6116,Electronics,427.72,Wrong item received,9,Opened,Prime,Refund
ORD100413,PID4398,Electronics,241.23,Not as described,27,Unopened,Prime,Replacement
ORD100414,PID8949,Clothing,22.59,Quality not good,14,Unopened,Prime,Refund
ORD100415,PID2971,Electronics,270.17,Quality not good,26,Unopened,Non-Prime,Refund
ORD100416,PID7516,Beauty,125.92,Size too small,2,Damaged,Prime,Refund
ORD100417,PID4310,Electronics,402.61,Defective product,19,Used,Prime,Replacement
ORD100418,PID8663,Beauty,484.5,Arrived late,30,Used,Prime,Refund
ORD100419,PID7840,Sports,372.72,Missing parts,10,Unopened,Non-Prime,Replacement
ORD100420,PID6145,Beauty,43.75,Wrong item received,10,Unopened,Non-Prime,Refund
ORD100421,PID5690,Beauty,469.91,Size too large,11,Used,Non-Prime,Refund
ORD100422,PID3770,Beauty,412.57,No longer needed,2,Damaged,Non-Prime,Refund
ORD100423,PID7143,Electronics,480.7,Not as described,9,Used,Prime,Refund
ORD100424,PID4307,Sports,298.44,Wrong item received,13,Damaged,Prime,Replacement
ORD100425,PID3689,Sports,390.91,Changed mind,24,Opened,Non-Prime,Refund
ORD100426,PID5639,Home,137.18,Wrong item received,29,Damaged,Prime,Refund
ORD100427,PID3102,Home,282.41,Better price available,23,Damaged,Prime,Replacement
ORD100428,PID6088,Electronics,77.7,No longer needed,10,Opened,Prime,Refund
ORD100429,PID1959,Sports,233.62,Arrived late,26,Opened,Non-Prime,Refund
ORD100430,PID4196,Electronics,376.15,No longer needed,8,Used,Non-Prime,Replacement
ORD100431,PID6069,Beauty,419.04,Size too large,2,Used,Prime,Replacement
ORD100432,PID8982,Electronics,213.96,Better price available,16,Used,Prime,Refund
ORD100433,PID8156,Electronics,274.37,Not as described,1,Damaged,Non-Prime,Replacement
ORD100434,PID4583,Home,152.06,Size too small,29,Unopened,Prime,Replacement
ORD100435,PID2582,Home,496.97,Item damaged,4,Unopened,Prime,Refund
ORD100436,PID3584,Beauty,169.41,No longer needed,10,Damaged,Non-Prime,Replacement
ORD100437,PID8225,Beauty,252.26,Quality not good,29,Used,Prime,Refund
ORD100438,PID9745,Clothing,182.54,Wrong item received,8,Used,Non-Prime,Replacement
ORD100439,PID7486,Home,389.02,Defective product,27,Opened,Non-Prime,Replacement
ORD100440,PID8076,Beauty,483.56,Item damaged,17,Opened,Non-Prime,Refund
ORD100441,PID4208,Sports,483.51,Quality not good,2,Unopened,Non-Prime,Refund
ORD100442,PID8117,Home,292.08,Missing parts,19,Unopened,Prime,Replacement
ORD100443,PID7120,Home,467.45,Quality not good,18,Damaged,Non-Prime,Refund
ORD100444,PID6533,Home,401.6,Better price available,28,Damaged,Prime,Replacement
ORD100445,PID3904,Sports,481.69,Arrived late,6,Damaged,Prime,Refund
ORD100446,PID8219,Electronics,414.5,No longer needed,3,Damaged,Prime,Refund
ORD100447,PID5133,Beauty,345.72,Better price available,17,Damaged,Non-Prime,Refund
ORD100448,PID8673,Electronics,76.61,Quality not good,21,Damaged,Prime,Replacement
ORD100449,PID2924,Clothing,316.54,Size too large,24,Used,Non-Prime,Refund
ORD100450,PID7374,Home,72.82,Wrong item received,26,Used,Prime,Replacement
ORD100451,PID5115,Beauty,410.54,Missing parts,21,Unopened,Prime,Replacement
ORD100452,PID8367,Home,147.86,No longer needed,24,Unopened,Prime,Refund
ORD100453,PID8590,Beauty,376.4,Changed mind,1,Damaged,Non-Prime,Replacement
ORD100454,PID6646,Home,130.98,Changed mind,10,Used,Non-Prime,Refund
ORD100455,PID8072,Sports,361.71,Size too large,1,Damaged,Prime,Refund
ORD100456,PID9090,Beauty,64.92,Not as described,16,Unopened,Prime,Replacement
ORD100457,PID8608,Electronics,269.07,Wrong item received,28,Used,Non-Prime,Replacement
ORD100458,PID2234,Electronics,325.38,Item damaged,14,Opened,Non-Prime,Replacement
ORD100459,PID8542,Home,169.82,Size too large,8,Opened,Non-Prime,Replacement
ORD100460,PID4101,Sports,372.06,No longer needed,20,Damaged,Prime,Refund
ORD100461,PID5604,Beauty,448.76,Arrived late,9,Unopened,Prime,Refund
ORD100462,PID8304,Sports,18.03,Item damaged,17,Unopened,Non-Prime,Replacement
ORD100463,PID7206,Electronics,318.49,Quality not good,10,Used,Prime,Replacement
ORD100464,PID1436,Home,462.33,Defective product,9,Opened,Non-Prime,Refund
ORD100465,PID1128,Sports,116.27,Quality not good,2,Opened,Non-Prime,Replacement
ORD100466,PID7226,Sports,403.98,Not as described,21,Used,Non-Prime,Refund
ORD100467,PID2015,Beauty,215.05,Not as described,9,Damaged,Prime,Replacement
ORD100468,PID1695,Electronics,348.44,Quality not good,9,Unopened,Non-Prime,Replacement
ORD100469,PID6611,Clothing,402.85,Wrong item received,18,Damaged,Non-Prime,Replacement
ORD100470,PID4561,Electronics,374.75,Arrived late,11,Damaged,Non-Prime,Replacement
ORD100471,PID7499,Sports,420.36,Not as described,3,Used,Non-Prime,Refund
ORD100472,PID9509,Sports,159.02,Defective product,21,Used,Non-Prime,Refund
ORD100473,PID5752,Home,93.16,Wrong item received,1,Unopened,Prime,Refund
ORD100474,PID1521,Sports,236.43,Size too large,2,Used,Non-Prime,Replacement
ORD100475,PID3477,Electronics,156.65,Not as described,25,Opened,Prime,Refund
ORD100476,PID9598,Beauty,70.27,Changed mind,24,Used,Prime,Replacement
ORD100477,PID2103,Sports,417.79,Wrong item received,7,Damaged,Prime,Replacement
ORD100478,PID4841,Home,150.2,Missing parts,6,Used,Prime,Replacement
ORD100479,PID3117,Electronics,485.49,Item damaged,4,Unopened,Prime,Refund
ORD100480,PID3836,Home,348.53,Wrong item received,1,Opened,Non-Prime,Replacement
ORD100481,PID2933,Sports,30.09,Missing parts,11,Opened,Non-Prime,Refund
ORD100482,PID7253,Sports,250.65,Wrong item received,23,Damaged,Prime,Refund
ORD100483,PID3896,Electronics,417.16,Defective product,3,Used,Prime,Refund
ORD100484,PID9746,Clothing,138.29,Better price available,9,Used,Non-Prime,Replacement
ORD100485,PID5605,Beauty,263.81,Better price available,10,Unopened,Non-Prime,Replacement
ORD100486,PID1798,Electronics,322.86,Missing parts,10,Unopened,Non-Prime,Replacement
ORD100487,PID2035,Sports,106.19,Better price available,26,Opened,Non-Prime,Replacement
ORD100488,PID5323,Home,302.61,Changed mind,16,Damaged,Non-Prime,Replacement
ORD100489,PID9195,Clothing,31.98,Quality not good,17,Used,Non-Prime,Refund
ORD100490,PID7374,Home,378.18,Defective product,14,Used,Non-Prime,Replacement
ORD100491,PID5630,Sports,358.16,Changed mind,2,Used,Non-Prime,Refund
ORD100492,PID6116,Clothing,237.22,Arrived late,15,Opened,Non-Prime,Replacement
ORD100493,PID7014,Electronics,152.11,Not as described,12,Damaged,Prime,Refund
ORD100494,PID6233,Beauty,175.17,Size too large,25,Damaged,Prime,Replacement
ORD100495,PID9449,Electronics,52.63,Item damaged,15,Opened,Non-Prime,Refund
ORD100496,PID4797,Sports,232.2,Arrived late,16,Opened,Prime,Replacement
ORD100497,PID9057,Sports,449.74,Missing parts,1,Used,Non-Prime,Refund
ORD100498,PID4736,Beauty,280.02,No longer needed,1,Damaged,Non-Prime,Replacement
ORD100499,PID8944,Electronics,109.74,Not as described,3,Used,Non-Prime,Replacement
ORD100500,PID2998,Clothing,175.54,Arrived late,26,Damaged,Non-Prime,Replacement
ORD100501,PID6653,Sports,320.67,No longer needed,21,Used,Prime,Replacement
ORD100502,PID9920,Sports,68.02,Size too small,7,Unopened,Prime,Refund
ORD100503,PID9025,Beauty,268.37,Item damaged,25,Opened,Prime,Replacement
ORD100504,PID4459,Electronics,387.89,Changed mind,21,Used,Prime,Refund
ORD100505,PID9701,Beauty,141.83,Item damaged,6,Unopened,Prime,Replacement
ORD100506,PID7445,Beauty,338.39,Better price available,18,Damaged,Non-Prime,Replacement
ORD100507,PID6371,Electronics,237.03,Defective product,8,Used,Non-Prime,Refund
ORD100508,PID7435,Electronics,133.23,Size too small,14,Unopened,Non-Prime,Replacement
ORD100509,PID3233,Electronics,359.28,Better price available,8,Damaged,Prime,Replacement
ORD100510,PID5573,Beauty,44.49,Quality not good,4,Opened,Non-Prime,Replacement
ORD100511,PID6786,Clothing,417.55,No longer needed,6,Used,Non-Prime,Refund
ORD100512,PID7185,Sports,50.68,Not as described,5,Opened,Non-Prime,Refund
ORD100513,PID3829,Electronics,169.52,Better price available,13,Damaged,Prime,Refund
ORD100514,PID1560,Clothing,408.14,Missing parts,6,Opened,Prime,Refund
ORD100515,PID7285,Home,88.36,Better price available,17,Used,Non-Prime,Refund
ORD100516,PID9455,Beauty,431.46,No longer needed,17,Used,Prime,Refund
ORD100517,PID2465,Home,205.66,Size too small,21,Unopened,Non-Prime,Replacement
ORD100518,PID5859,Electronics,390.52,Missing parts,11,Opened,Non-Prime,Replacement
ORD100519,PID3251,Home,25.24,Better price available,9,Unopened,Prime,Replacement
ORD100520,PID4876,Sports,118.69,Arrived late,7,Unopened,Prime,Refund
ORD100521,PID4004,Clothing,237.81,No longer needed,8,Damaged,Prime,Refund
ORD100522,PID7947,Clothing,316.14,Item damaged,16,Opened,Prime,Replacement
ORD100523,PID7585,Home,112.19,Not as described,1,Damaged,Non-Prime,Refund
ORD100524,PID3075,Clothing,33.97,Quality not good,20,Damaged,Non-Prime,Replacement
ORD100525,PID3976,Home,201.27,Changed mind,20,Used,Non-Prime,Refund
ORD100526,PID2441,Electronics,235.19,Size too large,6,Opened,Non-Prime,Refund
ORD100527,PID4972,Sports,331.86,No longer needed,5,Unopened,Non-Prime,Replacement
ORD100528,PID2079,Electronics,182.9,Changed mind,28,Damaged,Prime,Refund
ORD100529,PID3350,Electronics,405.47,Arrived late,11,Opened,Non-Prime,Replacement
ORD100530,PID9763,Sports,33.39,Missing parts,15,Unopened,Prime,Replacement
ORD100531,PID5286,Sports,282.74,Better price available,17,Opened,Prime,Refund
ORD100532,PID9976,Clothing,383.67,Better price available,28,Unopened,Prime,Replacement
ORD100533,PID7869,Beauty,270.81,No longer needed,2,Opened,Prime,Refund
ORD100534,PID8670,Sports,290.19,Defective product,7,Unopened,Non-Prime,Replacement
ORD100535,PID7895,Clothing,84.64,Missing parts,3,Unopened,Prime,Refund
ORD100536,PID7877,Clothing,152.77,Item damaged,5,Damaged,Prime,Refund
ORD100537,PID6947,Beauty,427.88,Changed mind,28,Opened,Non-Prime,Refund
ORD100538,PID9492,Clothing,390.77,Item damaged,23,Opened,Non-Prime,Refund
ORD100539,PID5460,Beauty,125.0,Wrong item received,10,Damaged,Non-Prime,Replacement
ORD100540,PID3471,Electronics,19.87,Better price available,14,Unopened,Prime,Replacement
ORD100541,PID8447,Clothing,153.92,Item damaged,30,Used,Non-Prime,Refund
ORD100542,PID4624,Beauty,113.56,Changed mind,29,Damaged,Non-Prime,Replacement
ORD100543,PID8262,Home,50.05,Missing parts,9,Opened,Non-Prime,Refund
ORD100544,PID8999,Sports,432.09,Quality not good,30,Unopened,Non-Prime,Refund
ORD100545,PID4263,Clothing,116.67,Quality not good,27,Unopened,Prime,Replacement
ORD100546,PID4250,Home,22.0,Wrong item received,2,Opened,Prime,Refund
ORD100547,PID4550,Electronics,59.27,No longer needed,18,Damaged,Prime,Replacement
ORD100548,PID3114,Beauty,65.91,Better price available,2,Used,Non-Prime,Replacement
ORD100549,PID2134,Beauty,365.92,Better price available,12,Unopened,Prime,Refund
ORD100550,PID1924,Beauty,81.35,Arrived late,29,Opened,Prime,Refund
ORD100551,PID2951,Clothing,82.26,Item damaged,21,Used,Non-Prime,Refund
ORD100552,PID7210,Clothing,252.52,Not as described,21,Used,Non-Prime,Replacement
ORD100553,PID9160,Electronics,72.15,Size too small,22,Damaged,Prime,Replacement
ORD100554,PID4333,Clothing,305.93,Wrong item received,7,Unopened,Non-Prime,Refund
ORD100555,PID9104,Beauty,207.78,Quality not good,27,Damaged,Non-Prime,Replacement
ORD100556,PID1981,Sports,358.64,Better price available,11,Unopened,Prime,Refund
ORD100557,PID2933,Sports,303.32,Arrived late,1,Opened,Prime,Refund
ORD100558,PID1264,Beauty,450.03,Arrived late,11,Opened,Non-Prime,Refund
ORD100559,PID2756,Home,54.6,Arrived late,16,Used,Prime,Refund
ORD100560,PID2799,Home,94.42,Defective product,21,Unopened,Non-Prime,Replacement
ORD100561,PID2337,Electronics,50.92,Missing parts,3,Opened,Non-Prime,Replacement
ORD100562,PID6518,Clothing,303.72,Changed mind,30,Opened,Non-Prime,Refund
ORD100563,PID8923,Sports,443.32,Defective product,6,Damaged,Prime,Refund
ORD100564,PID3562,Beauty,187.23,Wrong item received,27,Unopened,Prime,Refund
ORD100565,PID6001,Electronics,312.65,No longer needed,28,Used,Non-Prime,Replacement
ORD100566,PID3760,Sports,418.25,Item damaged,17,Damaged,Non-Prime,Refund
ORD100567,PID2963,Electronics,52.1,Item damaged,21,Unopened,Non-Prime,Replacement
ORD100568,PID5400,Clothing,392.63,Quality not good,12,Opened,Prime,Refund
ORD100569,PID7999,Beauty,177.65,Quality not good,9,Damaged,Prime,Refund
ORD100570,PID3214,Sports,209.98,Item damaged,6,Used,Prime,Replacement
ORD100571,PID4872,Electronics,69.17,Better price available,1,Opened,Non-Prime,Refund
ORD100572,PID6978,Sports,252.94,Item damaged,16,Damaged,Prime,Replacement
ORD100573,PID6484,Electronics,335.54,Better price available,25,Used,Non-Prime,Refund
ORD100574,PID2938,Clothing,353.71,Item damaged,3,Damaged,Non-Prime,Refund
ORD100575,PID7878,Sports,156.19,Not as described,21,Used,Non-Prime,Refund
ORD100576,PID1749,Home,58.46,Quality not good,30,Used,Prime,Refund
ORD100577,PID1918,Clothing,98.17,Better price available,4,Damaged,Non-Prime,Replacement
ORD100578,PID8064,Electronics,10.7,Wrong item received,11,Opened,Non-Prime,Refund
ORD100579,PID7298,Electronics,470.79,No longer needed,1,Unopened,Non-Prime,Refund
ORD100580,PID6197,Sports,315.99,Not as described,5,Used,Prime,Refund
ORD100581,PID6335,Sports,421.9,Not as described,10,Opened,Prime,Replacement
ORD100582,PID1596,Beauty,33.97,Not as described,16,Damaged,Prime,Refund
ORD100583,PID5139,Clothing,284.28,Size too small,23,Damaged,Prime,Refund
ORD100584,PID7567,Home,244.04,Better price available,7,Unopened,Non-Prime,Refund
ORD100585,PID3181,Electronics,118.2,Changed mind,17,Used,Non-Prime,Replacement
ORD100586,PID9790,Home,481.53,Not as described,29,Used,Prime,Refund
ORD100587,PID7632,Home,410.79,Changed mind,6,Unopened,Non-Prime,Refund
ORD100588,PID7505,Electronics,487.21,Size too small,21,Unopened,Non-Prime,Replacement
ORD100589,PID5738,Sports,320.2,No longer needed,30,Damaged,Prime,Replacement
ORD100590,PID2569,Sports,490.16,Not as described,5,Damaged,Non-Prime,Refund
ORD100591,PID5512,Sports,313.68,Quality not good,26,Opened,Non-Prime,Replacement
ORD100592,PID5758,Electronics,174.75,Size too large,27,Opened,Prime,Replacement
ORD100593,PID4555,Sports,82.56,Changed mind,7,Damaged,Prime,Replacement
ORD100594,PID1487,Sports,411.27,Better price available,11,Opened,Non-Prime,Refund
ORD100595,PID2570,Clothing,91.75,Size too large,30,Used,Non-Prime,Refund
ORD100596,PID4562,Clothing,183.75,Missing parts,22,Used,Prime,Replacement
ORD100597,PID3905,Home,14.55,Item damaged,27,Damaged,Non-Prime,Replacement
ORD100598,PID8381,Home,307.29,Not as described,1,Opened,Non-Prime,Refund
ORD100599,PID5797,Clothing,316.36,Not as described,28,Damaged,Non-Prime,Replacement
ORD100600,PID9842,Home,296.3,Wrong item received,17,Unopened,Prime,Refund
ORD100601,PID7969,Sports,420.05,Quality not good,6,Opened,Prime,Replacement
ORD100602,PID1900,Sports,326.55,Quality not good,30,Opened,Non-Prime,Refund
ORD100603,PID2028,Beauty,18.54,Quality not good,7,Opened,Prime,Replacement
ORD100604,PID7900,Sports,405.82,Not as described,30,Damaged,Non-Prime,Replacement
ORD100605,PID9495,Beauty,269.0,Missing parts,24,Used,Non-Prime,Refund
ORD100606,PID3622,Beauty,390.21,Size too small,25,Used,Prime,Replacement
ORD100607,PID5930,Sports,127.67,Item damaged,1,Unopened,Non-Prime,Replacement
ORD100608,PID6953,Home,350.25,Wrong item received,1,Unopened,Non-Prime,Replacement
ORD100609,PID6277,Sports,439.32,Better price available,15,Used,Prime,Refund
ORD100610,PID9715,Sports,461.46,Size too small,17,Unopened,Non-Prime,Replacement
ORD100611,PID6024,Clothing,82.35,Not as described,10,Opened,Prime,Refund
ORD100612,PID4978,Beauty,392.88,Arrived late,15,Damaged,Prime,Refund
ORD100613,PID3137,Clothing,238.81,Quality not good,14,Damaged,Non-Prime,Replacement
ORD100614,PID5207,Clothing,127.47,Defective product,11,Used,Prime,Refund
ORD100615,PID1925,Beauty,28.92,Better price available,26,Opened,Prime,Refund
ORD100616,PID3683,Sports,387.94,No longer needed,6,Used,Prime,Replacement
ORD100617,PID9850,Clothing,175.66,Size too small,12,Unopened,Prime,Replacement
ORD100618,PID9644,Beauty,315.05,Changed mind,6,Used,Prime,Refund
ORD100619,PID7991,Clothing,346.22,Wrong item received,12,Used,Non-Prime,Replacement
ORD100620,PID1106,Sports,335.34,Better price available,20,Opened,Prime,Replacement
ORD100621,PID1189,Sports,100.79,Missing parts,10,Used,Prime,Refund
ORD100622,PID2458,Clothing,163.16,Better price available,12,Unopened,Non-Prime,Refund
ORD100623,PID5163,Electronics,282.94,Size too small,11,Unopened,Non-Prime,Refund
ORD100624,PID7737,Home,474.28,Arrived late,14,Opened,Non-Prime,Refund
ORD100625,PID4544,Home,386.38,No longer needed,13,Opened,Non-Prime,Refund
ORD100626,PID8117,Beauty,98.8,Better price available,3,Damaged,Non-Prime,Replacement
ORD100627,PID6665,Electronics,252.97,Defective product,3,Damaged,Non-Prime,Replacement
ORD100628,PID3220,Home,230.23,Defective product,7,Damaged,Non-Prime,Refund
ORD100629,PID1411,Clothing,333.22,Arrived late,11,Used,Prime,Replacement
ORD100630,PID8780,Electronics,276.31,Better price available,19,Damaged,Non-Prime,Replacement
ORD100631,PID3878,Sports,167.45,No longer needed,28,Damaged,Prime,Replacement
ORD100632,PID4137,Beauty,91.17,Size too large,7,Opened,Prime,Refund
ORD100633,PID5786,Sports,394.46,Wrong item received,1,Damaged,Prime,Refund
ORD100634,PID4438,Clothing,472.3,Changed mind,15,Unopened,Non-Prime,Replacement
ORD100635,PID6017,Sports,58.21,Defective product,20,Used,Non-Prime,Replacement
ORD100636,PID6437,Electronics,125.26,Arrived late,26,Damaged,Prime,Replacement
ORD100637,PID6158,Sports,230.87,Size too large,24,Unopened,Prime,Replacement
ORD100638,PID9882,Beauty,477.63,Arrived late,5,Unopened,Non-Prime,Refund
ORD100639,PID8690,Sports,382.8,Not as described,8,Opened,Prime,Refund
ORD100640,PID3402,Beauty,16.06,Wrong item received,1,Used,Prime,Refund
ORD100641,PID9077,Home,279.22,Not as described,15,Damaged,Non-Prime,Replacement
ORD100642,PID7291,Sports,55.0,Missing parts,14,Opened,Non-Prime,Replacement
ORD100643,PID6037,Beauty,390.31,Item damaged,26,Opened,Prime,Refund
ORD100644,PID8202,Beauty,438.85,Changed mind,4,Damaged,Prime,Replacement
ORD100645,PID7120,Beauty,93.08,Quality not good,21,Used,Non-Prime,Replacement
ORD100646,PID3414,Beauty,397.77,Arrived late,6,Used,Non-Prime,Replacement
ORD100647,PID4068,Electronics,60.26,Size too small,7,Damaged,Non-Prime,Refund
ORD100648,PID8815,Home,19.38,Not as described,3,Used,Prime,Replacement
ORD100649,PID6293,Clothing,234.08,Missing parts,17,Damaged,Non-Prime,Replacement
ORD100650,PID4271,Clothing,38.65,Defective product,11,Unopened,Non-Prime,Replacement
ORD100651,PID5802,Clothing,256.02,Defective product,28,Used,Non-Prime,Refund
ORD100652,PID7221,Electronics,113.89,Defective product,25,Damaged,Non-Prime,Replacement
ORD100653,PID3464,Electronics,41.11,Item damaged,25,Used,Non-Prime,Refund
ORD100654,PID4805,Beauty,471.96,Defective product,16,Damaged,Non-Prime,Refund
ORD100655,PID5871,Clothing,289.65,Better price available,4,Used,Prime,Refund
ORD100656,PID9525,Electronics,478.51,Better price available,24,Unopened,Non-Prime,Refund
ORD100657,PID3308,Beauty,176.55,Missing parts,24,Opened,Prime,Replacement
ORD100658,PID7731,Sports,365.45,Size too large,7,Used,Prime,Refund
ORD100659,PID8409,Clothing,388.8,Defective product,21,Unopened,Non-Prime,Replacement
ORD100660,PID9491,Electronics,220.02,Wrong item received,16,Used,Prime,Replacement
ORD100661,PID9342,Clothing,61.02,Changed mind,3,Opened,Prime,Replacement
ORD100662,PID8903,Clothing,433.91,Changed mind,8,Damaged,Non-Prime,Replacement
ORD100663,PID9582,Home,259.35,Defective product,4,Used,Non-Prime,Replacement
ORD100664,PID5530,Beauty,227.22,Defective product,5,Damaged,Prime,Replacement
ORD100665,PID2000,Clothing,415.59,No longer needed,15,Damaged,Non-Prime,Refund
ORD100666,PID9322,Sports,362.62,Size too small,22,Damaged,Prime,Replacement
ORD100667,PID2068,Sports,80.54,No longer needed,16,Damaged,Non-Prime,Replacement
ORD100668,PID7449,Electronics,171.84,Size too small,21,Unopened,Non-Prime,Refund
ORD100669,PID9183,Clothing,164.8,Wrong item received,10,Opened,Prime,Refund
ORD100670,PID8610,Electronics,255.61,Quality not good,1,Damaged,Prime,Replacement
ORD100671,PID1252,Sports,31.88,Not as described,1,Unopened,Prime,Replacement
ORD100672,PID6077,Sports,121.34,Changed mind,8,Used,Non-Prime,Refund
ORD100673,PID7504,Beauty,167.01,Changed mind,16,Damaged,Non-Prime,Refund
ORD100674,PID1433,Clothing,359.98,Missing parts,15,Opened,Prime,Replacement
ORD100675,PID3089,Home,125.03,Item damaged,12,Opened,Non-Prime,Refund
ORD100676,PID3188,Clothing,330.28,Not as described,7,Used,Prime,Replacement
ORD100677,PID4425,Home,144.09,Not as described,27,Opened,Prime,Replacement
ORD100678,PID2564,Home,259.82,Quality not good,18,Unopened,Prime,Replacement
ORD100679,PID7545,Home,186.36,Quality not good,16,Unopened,Prime,Refund
ORD100680,PID3281,Beauty,81.93,Missing parts,28,Unopened,Prime,Refund
ORD100681,PID5443,Electronics,227.53,Wrong item received,24,Unopened,Prime,Replacement
ORD100682,PID4762,Beauty,219.91,Changed mind,15,Opened,Non-Prime,Refund
ORD100683,PID3310,Clothing,228.52,Arrived late,1,Opened,Prime,Replacement
ORD100684,PID7439,Home,257.46,Quality not good,2,Unopened,Non-Prime,Replacement
ORD100685,PID3434,Beauty,93.85,Not as described,24,Damaged,Prime,Replacement
ORD100686,PID4557,Beauty,442.34,Quality not good,10,Damaged,Non-Prime,Refund
ORD100687,PID4119,Home,467.86,Size too small,25,Damaged,Non-Prime,Refund
ORD100688,PID8625,Sports,50.54,Better price available,30,Opened,Prime,Refund
ORD100689,PID8071,Clothing,482.72,Better price available,22,Opened,Non-Prime,Replacement
ORD100690,PID1171,Beauty,167.16,Defective product,30,Damaged,Prime,Refund
ORD100691,PID4195,Sports,403.24,Changed mind,25,Damaged,Prime,Replacement
ORD100692,PID5523,Beauty,283.52,Changed mind,18,Opened,Prime,Refund
ORD100693,PID5685,Beauty,176.28,Defective product,25,Damaged,Prime,Replacement
ORD100694,PID6157,Clothing,290.15,Missing parts,22,Used,Prime,Refund
ORD100695,PID9884,Sports,364.98,Better price available,30,Damaged,Non-Prime,Replacement
ORD100696,PID5031,Home,409.52,Changed mind,22,Used,Non-Prime,Refund
ORD100697,PID4660,Clothing,259.72,Defective product,24,Damaged,Non-Prime,Replacement
ORD100698,PID4346,Home,361.57,Item damaged,4,Damaged,Prime,Refund
ORD100699,PID8439,Clothing,267.43,Better price available,7,Opened,Non-Prime,Refund
ORD100700,PID7622,Sports,425.88,Missing parts,24,Damaged,Prime,Refund
ORD100701,PID4530,Home,460.92,Size too large,27,Unopened,Prime,Refund
ORD100702,PID5846,Home,349.52,Defective product,6,Opened,Prime,Replacement
ORD100703,PID6884,Beauty,284.51,Item damaged,28,Unopened,Prime,Replacement
ORD100704,PID4678,Electronics,253.33,Size too small,15,Used,Non-Prime,Refund
ORD100705,PID3597,Electronics,71.03,Size too large,24,Opened,Non-Prime,Replacement
ORD100706,PID8620,Beauty,50.7,Better price available,3,Used,Non-Prime,Replacement
ORD100707,PID8002,Electronics,455.15,Wrong item received,26,Damaged,Prime,Replacement
ORD100708,PID3698,Home,272.55,Changed mind,12,Opened,Non-Prime,Refund
ORD100709,PID4230,Electronics,102.94,Item damaged,7,Damaged,Prime,Replacement
ORD100710,PID1403,Home,201.74,Missing parts,23,Used,Non-Prime,Refund
ORD100711,PID1955,Electronics,255.1,Arrived late,8,Damaged,Prime,Refund
ORD100712,PID1794,Home,134.54,Arrived late,19,Used,Non-Prime,Replacement
ORD100713,PID4807,Beauty,88.45,Arrived late,16,Opened,Prime,Refund
ORD100714,PID9676,Clothing,251.67,Defective product,19,Used,Prime,Replacement
ORD100715,PID8007,Sports,85.27,No longer needed,20,Used,Prime,Refund
ORD100716,PID3327,Clothing,190.11,Better price available,15,Unopened,Non-Prime,Replacement
ORD100717,PID2994,Electronics,301.91,Defective product,14,Opened,Non-Prime,Refund
ORD100718,PID5899,Electronics,161.12,Wrong item received,11,Unopened,Prime,Replacement
ORD100719,PID6009,Clothing,35.95,Wrong item received,23,Damaged,Prime,Refund
ORD100720,PID8999,Sports,454.22,No longer needed,7,Opened,Non-Prime,Refund
ORD100721,PID8268,Beauty,105.57,Defective product,3,Damaged,Prime,Replacement
ORD100722,PID6240,Sports,94.5,Size too small,10,Used,Prime,Replacement
ORD100723,PID3309,Electronics,423.03,Better price available,9,Opened,Non-Prime,Replacement
ORD100724,PID5439,Electronics,100.94,Item damaged,29,Unopened,Prime,Replacement
ORD100725,PID3882,Electronics,52.77,Changed mind,14,Unopened,Non-Prime,Replacement
ORD100726,PID7921,Beauty,105.38,Not as described,26,Opened,Non-Prime,Refund
ORD100727,PID1566,Sports,191.85,Size too small,27,Unopened,Non-Prime,Refund
ORD100728,PID5152,Clothing,352.18,Better price available,2,Opened,Prime,Replacement
ORD100729,PID8888,Sports,367.94,Size too large,3,Unopened,Prime,Refund
ORD100730,PID5108,Beauty,171.58,Wrong item received,8,Unopened,Prime,Replacement
ORD100731,PID7647,Beauty,241.76,Item damaged,4,Used,Non-Prime,Replacement
ORD100732,PID3589,Clothing,260.11,No longer needed,26,Damaged,Non-Prime,Refund
ORD100733,PID2642,Beauty,288.95,Quality not good,17,Unopened,Prime,Refund
ORD100734,PID4469,Sports,237.9,Size too small,24,Used,Prime,Refund
ORD100735,PID9033,Electronics,440.14,Not as described,6,Used,Non-Prime,Refund
ORD100736,PID7564,Home,225.28,Size too large,4,Damaged,Non-Prime,Replacement
ORD100737,PID1786,Electronics,283.72,Defective product,12,Damaged,Non-Prime,Replacement
ORD100738,PID2345,Sports,185.32,Missing parts,26,Opened,Prime,Refund
ORD100739,PID3733,Clothing,228.89,Changed mind,3,Damaged,Prime,Refund
ORD100740,PID3600,Home,104.58,Quality not good,28,Unopened,Prime,Refund
ORD100741,PID4482,Home,66.67,Not as described,7,Used,Prime,Replacement
ORD100742,PID3589,Home,351.52,Size too large,18,Damaged,Prime,Replacement
ORD100743,PID7856,Beauty,74.94,Size too small,29,Unopened,Non-Prime,Refund
ORD100744,PID6917,Sports,70.57,Arrived late,28,Used,Non-Prime,Replacement
ORD100745,PID6732,Clothing,156.9,No longer needed,2,Opened,Non-Prime,Replacement
ORD100746,PID8872,Electronics,253.3,Quality not good,13,Used,Prime,Refund
ORD100747,PID6541,Electronics,432.99,Arrived late,19,Used,Non-Prime,Replacement
ORD100748,PID8776,Clothing,277.13,Item damaged,19,Opened,Prime,Replacement
ORD100749,PID2281,Sports,200.94,Item damaged,20,Used,Prime,Replacement
ORD100750,PID9286,Sports,275.19,Size too large,25,Opened,Non-Prime,Replacement
ORD100751,PID3261,Clothing,426.66,No longer needed,1,Damaged,Non-Prime,Replacement
ORD100752,PID8613,Sports,353.35,Size too small,16,Unopened,Prime,Refund
ORD100753,PID2638,Beauty,182.39,Quality not good,30,Opened,Prime,Replacement
ORD100754,PID3055,Electronics,174.76,No longer needed,4,Opened,Non-Prime,Refund
ORD100755,PID6169,Electronics,334.95,Arrived late,4,Unopened,Prime,Replacement
ORD100756,PID4049,Beauty,245.78,Changed mind,7,Unopened,Prime,Replacement
ORD100757,PID6763,Electronics,412.23,No longer needed,5,Used,Prime,Replacement
ORD100758,PID5065,Beauty,458.72,Wrong item received,15,Used,Non-Prime,Refund
ORD100759,PID7558,Electronics,200.09,Quality not good,30,Used,Prime,Refund
ORD100760,PID9468,Beauty,469.99,Missing parts,30,Used,Prime,Refund
ORD100761,PID6969,Home,409.7,Item damaged,16,Damaged,Non-Prime,Replacement
ORD100762,PID8592,Electronics,442.29,Not as described,24,Opened,Prime,Replacement
ORD100763,PID8925,Electronics,412.73,Better price available,18,Opened,Non-Prime,Replacement
ORD100764,PID5512,Beauty,345.87,Size too small,25,Used,Prime,Replacement
ORD100765,PID4164,Electronics,488.42,Better price available,6,Damaged,Prime,Refund
ORD100766,PID8677,Sports,302.98,Size too small,27,Used,Prime,Replacement
ORD100767,PID6272,Electronics,359.33,Size too small,6,Unopened,Prime,Refund
ORD100768,PID1193,Sports,177.87,Size too large,17,Opened,Prime,Replacement
ORD100769,PID2218,Home,339.41,Missing parts,1,Used,Prime,Replacement
ORD100770,PID9588,Clothing,252.77,Size too small,12,Unopened,Prime,Refund
ORD100771,PID9661,Electronics,456.44,Better price available,27,Unopened,Non-Prime,Refund
ORD100772,PID4914,Clothing,219.82,No longer needed,28,Unopened,Prime,Replacement
ORD100773,PID7370,Home,240.64,No longer needed,10,Opened,Prime,Replacement
ORD100774,PID7773,Sports,85.06,Item damaged,23,Unopened,Prime,Refund
ORD100775,PID1939,Sports,291.17,Quality not good,11,Used,Non-Prime,Refund
ORD100776,PID2071,Home,198.65,Defective product,4,Unopened,Prime,Refund
ORD100777,PID4948,Home,336.03,Changed mind,5,Unopened,Non-Prime,Refund
ORD100778,PID4138,Clothing,154.16,Missing parts,4,Unopened,Non-Prime,Replacement
ORD100779,PID2593,Sports,439.56,Arrived late,18,Damaged,Non-Prime,Refund
ORD100780,PID5960,Sports,66.07,Item damaged,27,Unopened,Prime,Refund
ORD100781,PID8860,Sports,104.45,Not as described,1,Damaged,Prime,Replacement
ORD100782,PID4840,Clothing,380.59,Missing parts,8,Damaged,Non-Prime,Refund
ORD100783,PID2482,Electronics,211.99,Defective product,5,Opened,Prime,Replacement
ORD100784,PID2139,Sports,202.32,Better price available,15,Unopened,Non-Prime,Replacement
ORD100785,PID5565,Sports,16.53,Quality not good,26,Used,Non-Prime,Refund
ORD100786,PID5864,Electronics,10.44,Quality not good,21,Opened,Prime,Refund
ORD100787,PID8968,Electronics,485.6,Quality not good,17,Used,Non-Prime,Refund
ORD100788,PID8092,Home,445.6,Wrong item received,13,Damaged,Prime,Replacement
ORD100789,PID2412,Home,233.21,Size too large,21,Opened,Non-Prime,Refund
ORD100790,PID7322,Sports,252.75,Quality not good,10,Unopened,Non-Prime,Refund
ORD100791,PID9604,Home,344.77,No longer needed,2,Used,Prime,Refund
ORD100792,PID9700,Electronics,165.11,Size too large,17,Used,Prime,Replacement
ORD100793,PID4495,Clothing,359.76,Size too large,9,Unopened,Non-Prime,Refund
ORD100794,PID6874,Electronics,182.77,Arrived late,21,Opened,Non-Prime,Replacement
ORD100795,PID2994,Beauty,441.44,Size too small,6,Damaged,Prime,Replacement
ORD100796,PID7436,Electronics,438.69,Better price available,19,Opened,Non-Prime,Replacement
ORD100797,PID4436,Sports,319.6,Item damaged,7,Opened,Non-Prime,Replacement
ORD100798,PID4520,Clothing,474.7,No longer needed,23,Unopened,Prime,Replacement
ORD100799,PID5692,Sports,139.18,Not as described,6,Unopened,Prime,Replacement
ORD100800,PID8151,Electronics,340.32,Better price available,10,Used,Non-Prime,Replacement
ORD100801,PID9562,Electronics,391.27,Arrived late,9,Used,Prime,Refund
ORD100802,PID9016,Electronics,235.41,Not as described,16,Used,Prime,Refund
ORD100803,PID7151,Home,74.47,Wrong item received,2,Used,Non-Prime,Refund
ORD100804,PID1562,Electronics,427.73,Item damaged,18,Opened,Non-Prime,Replacement
ORD100805,PID3640,Sports,386.72,Wrong item received,25,Damaged,Non-Prime,Replacement
ORD100806,PID4886,Home,138.54,Item damaged,12,Used,Prime,Replacement
ORD100807,PID5617,Sports,119.23,Size too large,13,Damaged,Prime,Refund
ORD100808,PID8595,Home,141.52,Missing parts,7,Unopened,Prime,Refund
ORD100809,PID2378,Electronics,327.15,Missing parts,29,Damaged,Prime,Refund
ORD100810,PID7065,Home,90.95,Changed mind,27,Unopened,Prime,Refund
ORD100811,PID1434,Home,28.67,No longer needed,4,Unopened,Prime,Refund
ORD100812,PID8584,Electronics,84.22,Wrong item received,22,Used,Prime,Replacement
ORD100813,PID3898,Electronics,173.68,Item damaged,30,Used,Prime,Refund
ORD100814,PID9257,Electronics,142.82,Better price available,18,Opened,Non-Prime,Replacement
ORD100815,PID4109,Home,205.55,Not as described,22,Damaged,Non-Prime,Refund
ORD100816,PID5892,Home,451.96,Size too small,6,Opened,Non-Prime,Replacement
ORD100817,PID3676,Sports,90.57,Size too large,2,Used,Prime,Refund
ORD100818,PID9327,Beauty,303.98,Better price available,6,Damaged,Non-Prime,Replacement
ORD100819,PID8838,Electronics,419.33,Size too small,15,Used,Non-Prime,Refund
ORD100820,PID1766,Electronics,93.11,Missing parts,3,Damaged,Prime,Replacement
ORD100821,PID5201,Home,139.49,No longer needed,4,Used,Non-Prime,Replacement
ORD100822,PID2993,Electronics,399.55,Wrong item received,16,Used,Non-Prime,Refund
ORD100823,PID4341,Sports,223.71,Changed mind,20,Opened,Non-Prime,Replacement
ORD100824,PID7083,Home,19.55,No longer needed,4,Used,Prime,Refund
ORD100825,PID4127,Home,122.22,Missing parts,6,Opened,Prime,Refund
ORD100826,PID9675,Electronics,24.83,Not as described,21,Used,Prime,Refund
ORD100827,PID2081,Clothing,429.89,Size too small,10,Damaged,Non-Prime,Replacement
ORD100828,PID8537,Home,276.13,Defective product,23,Used,Non-Prime,Refund
ORD100829,PID2354,Electronics,55.71,Not as described,30,Damaged,Prime,Replacement
ORD100830,PID4472,Beauty,120.77,Defective product,1,Opened,Prime,Replacement
ORD100831,PID9558,Electronics,365.49,Missing parts,29,Damaged,Non-Prime,Refund
ORD100832,PID7250,Home,271.63,Size too small,7,Unopened,Prime,Refund
ORD100833,PID3199,Beauty,18.74,Defective product,26,Damaged,Non-Prime,Refund
ORD100834,PID5221,Electronics,271.19,Quality not good,21,Used,Non-Prime,Replacement
ORD100835,PID1788,Sports,174.97,Missing parts,13,Opened,Prime,Refund
ORD100836,PID2264,Clothing,220.69,Better price available,14,Used,Prime,Replacement
ORD100837,PID3044,Home,320.25,Quality not good,15,Used,Non-Prime,Refund
ORD100838,PID6580,Electronics,104.92,Size too small,4,Damaged,Prime,Replacement
ORD100839,PID4535,Beauty,426.16,Better price available,14,Used,Prime,Refund
ORD100840,PID1437,Home,70.76,Size too large,15,Damaged,Prime,Replacement
ORD100841,PID4201,Home,492.97,Quality not good,24,Damaged,Prime,Refund
ORD100842,PID9474,Sports,118.35,Missing parts,21,Unopened,Non-Prime,Replacement
ORD100843,PID1652,Clothing,409.72,No longer needed,12,Unopened,Prime,Replacement
ORD100844,PID2496,Sports,433.25,No longer needed,28,Used,Non-Prime,Refund
ORD100845,PID2357,Electronics,41.41,Missing parts,6,Damaged,Non-Prime,Replacement
ORD100846,PID4891,Home,461.91,Better price available,10,Opened,Prime,Replacement
ORD100847,PID3416,Electronics,48.16,Defective product,6,Damaged,Non-Prime,Replacement
ORD100848,PID2617,Electronics,409.21,Size too large,29,Used,Non-Prime,Replacement
ORD100849,PID4508,Beauty,52.37,No longer needed,20,Opened,Prime,Refund
ORD100850,PID9412,Beauty,64.37,Wrong item received,26,Unopened,Non-Prime,Refund
ORD100851,PID9326,Home,445.43,Size too large,8,Opened,Prime,Replacement
ORD100852,PID3461,Clothing,414.82,Changed mind,4,Used,Prime,Replacement
ORD100853,PID5664,Beauty,234.53,Defective product,5,Opened,Non-Prime,Refund
ORD100854,PID7647,Sports,72.74,Better price available,21,Opened,Non-Prime,Replacement
ORD100855,PID7358,Beauty,93.97,Better price available,2,Unopened,Non-Prime,Refund
ORD100856,PID5826,Beauty,270.37,Missing parts,6,Used,Non-Prime,Refund
ORD100857,PID9185,Clothing,301.14,Changed mind,9,Damaged,Prime,Refund
ORD100858,PID3750,Clothing,481.15,Better price available,2,Opened,Non-Prime,Refund
ORD100859,PID7030,Clothing,334.33,Defective product,12,Unopened,Prime,Refund
ORD100860,PID5373,Clothing,388.31,Wrong item received,25,Unopened,Prime,Replacement
ORD100861,PID8115,Home,429.55,Missing parts,26,Used,Non-Prime,Refund
ORD100862,PID7422,Sports,224.7,No longer needed,29,Opened,Prime,Refund
ORD100863,PID7186,Electronics,457.42,No longer needed,17,Damaged,Prime,Refund
ORD100864,PID4039,Clothing,231.16,Not as described,17,Opened,Non-Prime,Replacement
ORD100865,PID6328,Beauty,456.63,Size too small,10,Used,Non-Prime,Replacement
ORD100866,PID7736,Electronics,200.0,Size too small,8,Opened,Prime,Refund
ORD100867,PID5882,Beauty,43.59,Not as described,21,Unopened,Non-Prime,Refund
ORD100868,PID2484,Clothing,99.95,Size too small,12,Used,Non-Prime,Refund
ORD100869,PID7216,Sports,231.23,Wrong item received,4,Damaged,Prime,Replacement
ORD100870,PID5386,Electronics,156.36,Changed mind,3,Damaged,Prime,Refund
ORD100871,PID3679,Sports,239.86,Changed mind,7,Damaged,Prime,Replacement
ORD100872,PID5643,Home,471.55,Changed mind,11,Unopened,Prime,Replacement
ORD100873,PID6643,Electronics,364.32,Arrived late,3,Used,Prime,Replacement
ORD100874,PID7341,Clothing,62.99,Wrong item received,24,Unopened,Prime,Refund
ORD100875,PID3317,Electronics,450.61,No longer needed,16,Damaged,Prime,Refund
ORD100876,PID5235,Clothing,209.32,Item damaged,6,Used,Prime,Replacement
ORD100877,PID5552,Beauty,157.73,Size too small,12,Unopened,Non-Prime,Replacement
ORD100878,PID1553,Sports,78.02,Size too large,24,Used,Prime,Replacement
ORD100879,PID8520,Beauty,19.46,Better price available,11,Damaged,Non-Prime,Refund
ORD100880,PID3849,Clothing,96.98,No longer needed,22,Used,Non-Prime,Replacement
ORD100881,PID1710,Sports,238.9,Arrived late,27,Unopened,Non-Prime,Refund
ORD100882,PID1582,Beauty,125.92,Item damaged,21,Damaged,Prime,Replacement
ORD100883,PID6261,Sports,281.47,Better price available,19,Opened,Non-Prime,Refund
ORD100884,PID2897,Clothing,356.06,Item damaged,3,Opened,Non-Prime,Replacement
ORD100885,PID7834,Beauty,180.9,No longer needed,10,Unopened,Prime,Refund
ORD100886,PID6090,Electronics,468.3,Not as described,4,Damaged,Prime,Replacement
ORD100887,PID9705,Sports,493.82,Size too large,2,Opened,Non-Prime,Replacement
ORD100888,PID9743,Beauty,471.64,Quality not good,21,Damaged,Non-Prime,Replacement
ORD100889,PID5961,Beauty,459.13,Better price available,17,Damaged,Non-Prime,Replacement
ORD100890,PID2733,Electronics,72.23,Missing parts,14,Unopened,Prime,Replacement
ORD100891,PID3743,Electronics,281.3,Quality not good,1,Damaged,Prime,Replacement
ORD100892,PID4691,Sports,15.44,Not as described,18,Unopened,Prime,Replacement
ORD100893,PID8122,Sports,21.16,Better price available,13,Used,Prime,Replacement
ORD100894,PID3352,Sports,84.58,Changed mind,2,Damaged,Non-Prime,Replacement
ORD100895,PID7091,Electronics,230.96,No longer needed,18,Opened,Non-Prime,Refund
ORD100896,PID2608,Electronics,133.96,Wrong item received,2,Unopened,Non-Prime,Refund
ORD100897,PID3736,Electronics,447.77,Defective product,20,Opened,Prime,Replacement
ORD100898,PID2548,Sports,499.07,Not as described,8,Damaged,Non-Prime,Refund
ORD100899,PID3408,Beauty,118.37,Item damaged,28,Opened,Non-Prime,Replacement
ORD100900,PID3647,Electronics,132.03,Item damaged,25,Opened,Non-Prime,Refund
ORD100901,PID8572,Clothing,464.04,Not as described,20,Damaged,Prime,Replacement
ORD100902,PID7789,Clothing,335.66,No longer needed,14,Unopened,Non-Prime,Refund
ORD100903,PID9652,Beauty,424.75,Size too large,7,Opened,Prime,Replacement
ORD100904,PID7526,Home,87.34,Defective product,19,Unopened,Prime,Replacement
ORD100905,PID4348,Clothing,113.72,Arrived late,10,Unopened,Prime,Refund
ORD100906,PID4085,Clothing,305.43,Quality not good,16,Opened,Prime,Refund
ORD100907,PID9601,Sports,165.8,Arrived late,25,Opened,Prime,Refund
ORD100908,PID3616,Clothing,79.99,Defective product,2,Opened,Prime,Refund
ORD100909,PID1144,Electronics,96.96,Changed mind,29,Unopened,Non-Prime,Replacement
ORD100910,PID6470,Clothing,497.58,No longer needed,28,Opened,Prime,Replacement
ORD100911,PID3586,Sports,476.19,Arrived late,5,Unopened,Non-Prime,Replacement
ORD100912,PID7494,Sports,333.56,No longer needed,4,Damaged,Non-Prime,Refund
ORD100913,PID9202,Clothing,99.22,Defective product,21,Unopened,Prime,Replacement
ORD100914,PID7537,Sports,409.6,Not as described,12,Used,Non-Prime,Refund
ORD100915,PID6617,Clothing,223.29,Size too small,25,Damaged,Non-Prime,Replacement
ORD100916,PID3284,Clothing,284.51,Not as described,16,Opened,Non-Prime,Refund
ORD100917,PID2989,Beauty,490.3,Size too large,21,Unopened,Non-Prime,Refund
ORD100918,PID2731,Sports,476.83,Quality not good,24,Used,Non-Prime,Replacement
ORD100919,PID8843,Beauty,267.13,Changed mind,6,Unopened,Non-Prime,Refund
ORD100920,PID5465,Sports,13.43,Wrong item received,20,Damaged,Prime,Refund
ORD100921,PID9524,Clothing,315.63,Size too large,17,Unopened,Non-Prime,Refund
ORD100922,PID4238,Home,220.79,Size too large,2,Damaged,Non-Prime,Replacement
ORD100923,PID8829,Sports,40.1,Quality not good,23,Used,Prime,Refund
ORD100924,PID5541,Beauty,283.55,Wrong item received,15,Damaged,Prime,Refund
ORD100925,PID2898,Beauty,249.57,Arrived late,29,Unopened,Prime,Replacement
ORD100926,PID2114,Home,133.26,Arrived late,4,Unopened,Prime,Refund
ORD100927,PID1666,Electronics,406.34,Arrived late,5,Damaged,Non-Prime,Replacement
ORD100928,PID5688,Sports,432.68,Missing parts,6,Unopened,Prime,Refund
ORD100929,PID1378,Sports,344.55,Arrived late,6,Unopened,Prime,Replacement
ORD100930,PID6721,Clothing,128.6,Defective product,18,Damaged,Non-Prime,Refund
ORD100931,PID4647,Clothing,148.52,Size too large,9,Unopened,Non-Prime,Replacement
ORD100932,PID1406,Beauty,49.21,Size too small,24,Unopened,Non-Prime,Replacement
ORD100933,PID2135,Home,24.69,Missing parts,19,Damaged,Prime,Replacement
ORD100934,PID5876,Sports,483.33,Quality not good,20,Damaged,Prime,Replacement
ORD100935,PID2902,Home,275.18,Wrong item received,20,Opened,Prime,Refund
ORD100936,PID9943,Clothing,284.93,Arrived late,23,Opened,Non-Prime,Refund
ORD100937,PID4954,Beauty,262.36,Missing parts,29,Opened,Prime,Refund
ORD100938,PID3695,Beauty,208.05,Changed mind,16,Unopened,Non-Prime,Refund
ORD100939,PID3754,Electronics,449.06,Quality not good,19,Unopened,Prime,Replacement
ORD100940,PID1446,Beauty,224.97,Not as described,4,Opened,Non-Prime,Replacement
ORD100941,PID1116,Sports,499.3,Missing parts,20,Damaged,Non-Prime,Refund
ORD100942,PID1649,Beauty,63.21,No longer needed,8,Opened,Non-Prime,Replacement
ORD100943,PID5146,Home,153.47,Size too large,17,Opened,Non-Prime,Replacement
ORD100944,PID7069,Sports,414.78,Changed mind,14,Damaged,Prime,Refund
ORD100945,PID5015,Sports,322.27,Not as described,30,Used,Non-Prime,Replacement
ORD100946,PID3546,Electronics,161.75,Item damaged,12,Unopened,Prime,Refund
ORD100947,PID5960,Clothing,328.0,Not as described,2,Used,Prime,Refund
ORD100948,PID2083,Beauty,471.68,Item damaged,22,Used,Prime,Refund
ORD100949,PID4853,Clothing,207.29,Defective product,1,Opened,Non-Prime,Refund
ORD100950,PID3046,Home,353.58,Better price available,4,Opened,Prime,Replacement
ORD100951,PID6183,Home,479.08,No longer needed,28,Opened,Non-Prime,Replacement
ORD100952,PID5215,Home,327.95,Item damaged,4,Used,Prime,Refund
ORD100953,PID1744,Clothing,31.03,Changed mind,1,Damaged,Non-Prime,Replacement
ORD100954,PID5769,Sports,159.45,Size too large,5,Damaged,Prime,Refund
ORD100955,PID1825,Sports,245.89,Not as described,29,Unopened,Non-Prime,Refund
ORD100956,PID3886,Electronics,90.71,Item damaged,25,Opened,Non-Prime,Replacement
ORD100957,PID8945,Clothing,119.32,Defective product,1,Damaged,Prime,Refund
ORD100958,PID1623,Home,212.76,Size too large,24,Damaged,Prime,Refund
ORD100959,PID3086,Clothing,175.09,Wrong item received,22,Used,Prime,Refund
ORD100960,PID4065,Sports,100.65,Size too large,2,Unopened,Prime,Replacement
ORD100961,PID8611,Clothing,233.23,Item damaged,14,Used,Non-Prime,Refund
ORD100962,PID6241,Electronics,325.55,Missing parts,7,Opened,Prime,Refund
ORD100963,PID9782,Home,423.14,No longer needed,22,Opened,Prime,Replacement
ORD100964,PID1751,Home,209.09,Not as described,9,Used,Non-Prime,Replacement
ORD100965,PID7317,Electronics,313.21,Not as described,16,Used,Prime,Replacement
ORD100966,PID6257,Home,172.67,Not as described,17,Opened,Non-Prime,Refund
ORD100967,PID3546,Beauty,249.49,Missing parts,30,Unopened,Non-Prime,Refund
ORD100968,PID6553,Home,448.31,Wrong item received,6,Unopened,Non-Prime,Refund
ORD100969,PID9076,Clothing,85.77,Size too large,2,Opened,Prime,Refund
ORD100970,PID2880,Clothing,96.24,Better price available,26,Damaged,Prime,Refund
ORD100971,PID2176,Sports,399.41,Arrived late,2,Opened,Non-Prime,Replacement
ORD100972,PID8351,Beauty,367.02,Not as described,19,Used,Prime,Refund
ORD100973,PID2208,Home,188.91,Arrived late,14,Used,Non-Prime,Refund
ORD100974,PID2877,Beauty,215.44,Better price available,27,Damaged,Prime,Replacement
ORD100975,PID5955,Electronics,47.87,Changed mind,14,Opened,Prime,Replacement
ORD100976,PID8019,Clothing,406.6,Wrong item received,18,Unopened,Prime,Replacement
ORD100977,PID6195,Home,440.88,Item damaged,5,Opened,Prime,Replacement
ORD100978,PID6492,Beauty,465.06,Changed mind,4,Opened,Non-Prime,Refund
ORD100979,PID8746,Sports,128.28,Changed mind,16,Used,Prime,Replacement
ORD100980,PID5978,Home,438.96,Item damaged,24,Used,Non-Prime,Refund
ORD100981,PID3742,Home,461.46,Arrived late,28,Opened,Prime,Replacement
ORD100982,PID4795,Sports,199.46,Size too large,18,Used,Prime,Replacement
ORD100983,PID8554,Sports,275.84,Quality not good,8,Damaged,Non-Prime,Replacement
ORD100984,PID7652,Electronics,318.75,Better price available,11,Damaged,Prime,Refund
ORD100985,PID3816,Clothing,351.13,Item damaged,20,Unopened,Non-Prime,Refund
ORD100986,PID6350,Home,180.75,Changed mind,17,Used,Non-Prime,Replacement
ORD100987,PID4151,Beauty,223.13,Changed mind,20,Damaged,Prime,Replacement
ORD100988,PID8325,Clothing,63.07,Better price available,11,Unopened,Prime,Refund
ORD100989,PID8704,Electronics,311.22,No longer needed,25,Unopened,Non-Prime,Refund
ORD100990,PID6531,Beauty,294.95,Wrong item received,20,Used,Non-Prime,Refund
ORD100991,PID1506,Home,479.86,Defective product,27,Opened,Prime,Refund
ORD100992,PID3669,Sports,467.49,Better price available,23,Used,Prime,Replacement
ORD100993,PID5922,Electronics,77.86,Better price available,18,Used,Non-Prime,Replacement
ORD100994,PID3305,Sports,92.64,Size too large,22,Used,Non-Prime,Replacement
ORD100995,PID4149,Home,242.35,Better price available,3,Opened,Prime,Refund
ORD100996,PID1721,Sports,290.57,Defective product,21,Unopened,Non-Prime,Replacement
ORD100997,PID6803,Sports,135.56,Changed mind,21,Damaged,Non-Prime,Replacement
ORD100998,PID7694,Beauty,451.21,Changed mind,4,Used,Non-Prime,Replacement
ORD100999,PID7874,Clothing,435.07,Missing parts,7,Damaged,Prime,Refund
